Track Title,Composer/Artist,Film,Year,Film Genre - IMDb,00:28:00,"Score = 0, Soundtrack = 1",Size (MB),Sample Rate (kHz),Stereo = 0/Mono =1,ISRC,Director,Start Time Sample 1 (seconds),End Time Sample 1,Sample 1 length (seconds),Sample 2 filename:,Start Time Sample 2 (seconds),End Time Sample 2,Sample 2 length (seconds)
Blade Runner,"Benjamin Wallfisch, Hans Zimmer",Blade Runner 2049,2017,Action Drama Mystery,10:06,0,19.8,44.1,0,QMCXZ1700081,Denis Villeneuve,165.744,180.744,15,Blade_Runner_Hans_Zimmer_Benjamin_Wallfisch_Blade_Runner_2049_sample_2.mp3,375.802,390.802,15
Caravan,John Wasson/ Duke Ellington/ Juan Tizol,Whiplash,2014,Drama Music,09:15,1,8.9,48,0,US3M51428606,Damien Chazelle,523.842,538.842,15,Caravan_Duke_Ellington:Juan_Tizol:John_Wasson_Whiplash_sample_2.mp3,456.325,471.325,15
Why so serious?,Hans Zimmer,The Dark Knight,2008,Action Crime Drama,09:14,0,8.9,48,0,USWB10803333,Christopher Nolan,333.589,348.589,15,Why_So_Serious_Hans_Zimmer_The_Dark_Knight_sample_2.mp3,316.386,331.386,15
Won't Get Fooled Again,Pete Townsend / The Who,Top Gun: Maverick,2022,Action Drama,08:31,1,8.2,48,0,GBAKW7100100,Joseph Kosinski,496.227,511.227,15,Won't_Get_Fooled_Again_The_Who_Top_Gun_Maverick_sample_2.mp3,218.162,233.162,15
Defeated Clown/ Call Me Joker,Hildur Gudnadottir,Joker,2019,Crime Drama Thriller,08:04,0,7.7,48,0,USNLR1900396/ USNLR1900411,Todd Phillips,220.127,235.127,15,Joker_-_Defeated_Clown:_Call_Me_Joker_Hildur_Guðnadóttir_sample_2.mp3,205.952,220.952,15
And The Healing Has Begun,Van Morrison,Belfast,2021,Biography Drama Romance,08:02,1,20.1,44.1,0,USQX91501256,Kenneth Branagh,253.789,268.789,15,Van_Morrison-And_the_Healing_Has_Begun_Belfast_sample_2.mp3,282.524,297.524,15
RAINY NIGHT IN TALLINN,Ludwig Göransson,Tenet,2020,Action Sci-Fi Thriller,08:01,0,15.7,44.1,0,USNLR2000838,Christopher Nolan,82.766,97.766,15,TENET_RAINY_NIGHT_IN_TALLINN_-_Ludwig_Göransson_sample_2.mp3,380.9,395.9,15
Joy Turns into Sadness/A Growing Personality,Michael Giacchino,Inside Out,2015,Animation Adventure Comedy,07:49,0,18.9,48,0,USWD11570582,"Pete Docter, Ronnie Del Carmen",70.374,85.374,15,Joy_Turns_to_Sadness_A_Growing_Personality_Michael_Giacchino-Inside_Out_sample_2.mp3,329.397,344.397,15
Claqueta final,Alberto Iglesias,Pain and Glory,2019,Drama,07:47,0,8.1,44.1,0,ES6311900024,Pedro Almodóvar,354.684,369.684,15,Alberto_Iglesias_Claqueta_Final_Pain_and_Glory_sample_2.mp3,198.022,213.022,15
The Dark Knight Main Theme,Hans Zimmer,The Dark Knight,2008,Action Crime Drama,07:43,0,7.4,48,0,USSM11607296,Christopher Nolan,415.875,430.875,15,The_Dark_Knight_Main_Theme_-_Hans_Zimmer__sample_2.mp3,215.503,230.503,15
L'Ultima Diligenza di Red Rock,Ennio Morricone,The Hateful Eight,2015,Crime Drama Mystery,07:31,0,14.6,44.1,0,GBUM71507239,Quentin Tarantino,142.245,157.245,15,L'Ultima_Diligenza_di_Red_Rock_Ennio_Morricone_The_Hateful_Eight_sample_2.mp3,257.79,272.79,15
Arrival,Jonny Greenwood,Spencer,2021,Biography Drama,07:25,0,14.7,44.1,0,GBUM72106705,Pablo Larraín,302.007,317.007,15,Arrival_Jonny_Greenwood_Spencer_sample_2.mp3,178.897,193.897,15
The Rubberband Man,The Spinners / Thomas Bell and Linda Creed,Avengers: Infinity War,2018,Action Adventure Sci-Fi,07:24,1,7.1,48,0,USAT20612256,"Anthony Russo, Joe Russo",240.581,255.581,15,The_Rubberband_Man_The_Spinners_Avengers_infinity_sample_2.mp3,180.89,195.89,15
Sparkle,Radwimps,Your Name.,2016,Animation Drama Fantasy,06:50,1,12.2,48,0,JPPO01618974,Makoto Shinkai,380.978,395.978,15,sparkle-your-name-radwimps_sample_2.mp3,386.947,401.947,15
The Batman,Michael Giacchino,The Batman,2022,Action Crime Drama,06:47,0,13.7,44.1,0,USNLR2200002,Matt Reeves,24.614,39.614,15,The_Batman_Michael Giacchino_sample_2.mp3,106.741,121.741,15
"Technically, Missing",Trent Reznor/Atticus Ross,Gone Girl,2014,Drama Mystery Thriller,06:44,0,16.5,48,0,USQX91401974,David Fincher,357.529,372.529,15,"Technically,_Missing_Gone_Girl_Trent_Reznor_Atticus_Ross_sample_2.mp3",357.381,372.381,15
Detatch,Hans Zimmer,Interstellar,2014,Adventure Drama Sci-Fi,06:42,0,6.4,48,0,USNLR1400786,Christopher Nolan,65.194,80.194,15,Detach_Hans_Zimmer_interstellar_sample_2.mp3,50.676,65.676,15
Lipstick To Void,Mica Levi,Under The Skin,2013,Drama Horror Mystery,06:42,0,7.4,44.1,0,US5941404625,Jonathan Glazer,93.801,108.801,15,Mica_Levi_-_Lipstick_to_Void__Under_the_Skin_sample_2.mp3,37.6,52.6,15
Lost but Won,Hans Zimmer,Rush,2013,Action Biography Drama,06:20,0,15.7,44.1,0,USNLR1300519,Ron Howard,206.543,221.543,15,Lost_but_Won_Hans_Zimmer_Rush_sample_2.mp3,301.339,316.339,15
Le Mans 66,Marco Beltrami/Buck Sanders,Ford v Ferrari,2019,Action Biography Drama,06:15,0,15.1,48,0,USFM91900471,James Mangold,350.903,365.903,15,"Marco_Beltrami,_Buck Sanders_-_Le_Mans_66_Ford_v_Ferrari_sample_2.mp3",280.353,295.353,15
On The Nature Of Daylight,Max Richter,Shutter Island,2010,Mystery Thriller,06:12,0,15.8,48,0,GBDCA0300279,Martin Scorsese,120.349,135.349,15,Max_-_Richter_ On_the_Nature_of_Daylight_Shutter_Island_sample_2.mp3,322.658,337.658,15
Brothers In Arms,Tom Holkenborg - Junkie XL,Mad Max: Fury Road,2015,Action Adventure Sci-Fi,05:52,0,14.5,48,0,USNLR1500107,George Miller,246.889,261.889,15,Brothers_In_Arms_Mad_Max_Fury_Road_Junkie_XL_sample_2.mp3,86.814,101.814,15
Tár: I. Largo,Hildur Guðnadóttir,Tár,2022,Drama Music,05:45,0/1,12,44.1,0,USQ4E2201064,Todd Field,108.901,123.901,15,Guðnadóttir_Tár_-_I._Largo_Hildur_Guðnadóttir_sample_2.mp3,184.934,199.934,15
Einaudi: Low Mist Var. 2 (Day 1),Ludovico Einaudi · Federico Mecozzi · Redi Hasa,The Father,2020,Drama Mystery,05:44,0,11.7,44.1,0,ITB281800011,Florian Zeller,325.722,340.722,15,Ludovico_Einaudi_ Low_Mist_Var. 2_(Day_1)__The_Father_sample_2.mp3,321.418,336.418,15
The Artist Main Theme,"George Valentin, Ludovic Bource",The Artist,2011,Comedy Drama Romance,05:37,0,6.4,44.1,0,GBZTD1300298,Michel Hazanavicius,30.189,45.189,15,The_Artist_Main_Theme_-_George Valentin__Ludovic Bource_sample_2.mp3,44.227,59.227,15
Canto At Gabelmeister's Peak,Alexandre Desplat,The Grand Budapest Hotel,2014,Adventure Comedy Crime,05:35,0,13.6,48,0,USA171491023,Wes Anderson,171.551,186.551,15,Canto_At_Gabelmeister's_Peak_The_Grand_Budapest_Hotel_Alexandre_Desplat_sample_2.mp3,113.734,128.734,15
Le Freak,Chic,Toy Story 3,2010,Animation Adventure Comedy,05:28,1,10.5,48,0,USAT27800012,Lee Unkrich,116.615,131.615,15,toy-story-3-le-freak_chic_sample_2.mp3,86.298,101.298,15
Redbone,Childish Gambino,Get Out,2017,Horror Mystery Thriller,05:27,1,13.4,48,0,USYAH1600107,Jordan Peele,38.866,53.866,15,Childish_Gambino_-_Redbone_Get_Out_sample_2.mp3,74.733,89.733,15
After The Chase,Cliff Martinez,Drive,2011,Action Drama,05:26,0,13.1,44.1,0,USLS51123213,Nicolas Winding Refn,159.136,174.136,15,Drive_After_The_Chase_Cliff_Martinez_sample_2.mp3,3.582,18.582,15
Skies,Alexandre Desplat,The Tree of Life,2011,Drama Fantasy,05:18,0,13.5,44.1,0,USLS51121713,Terrence Malick,139.089,154.089,15,Skies_Alexandre_Desplat_The_Tree_of_Life_sample_2.mp3,168.146,183.146,15
Cold Wind Var. 2 (Day 4),Ludovico Einaudi · Federico Mecozzi · Redi Hasa,The Father,2020,Drama Mystery,05:15,0,10.5,44.1,0,ITB281800042,Florian Zeller,214.761,229.761,15,Ludovico_Einaudi_Cold_Wind_Var.2_(Day_4)_The_Father_sample_2.mp3,0.56,15.56,15
Ripples In The Sand,Hans Zimmer,Dune,2021,Action Adventure Drama,05:15,0,13.4,44.1,0,USNLR2100982,Denis Villeneuve,13.059,28.059,15,Dune_Ripples_in_the_Sand_Hans_Zimmer_sample_2.mp3,86.856,101.856,15
Opening Theme from A Thousand and One,Gary Gunn,A Thousand and One,2023,Crime Drama,05:13,0,10.7,44.1,0,USQ4E2204097,A.V. Rockwell,29.775,44.775,15,Opening_Theme_From_A_Thousand_and_One__Gary_Gunn_A_Thousand_and_One_sample_2.mp3,295.04,310.04,15
The Candlelight Vigil,Jóhann Jóhannsson,Prisoners,2013,Crime Drama Mystery,05:11,0,12.6,48,0,USNLR1300587,Denis Villeneuve,38.336,53.336,15,The_Candlelight_Vigil_-_Jóhann_Jóhannsson-Prisoners_sample_2.mp3,51.038,66.038,15
Love,Mica Levi,Under The Skin,2013,Drama Horror Mystery,05:10,0,13.4,44.1,0,US5941404632,Jonathan Glazer,49.935,64.935,15,Mica_Levi_-_Love__Under_the_Skin_sample_2.mp3,254.341,269.341,15
Lady Bird,Jon Brion,Lady Bird,2017,Comedy Drama,05:10,0,12.6,44.1,0,USLS51713023,Greta Gerwig,250.418,265.418,15,Lady_Bird__Jon_Brion_Lady_Bird_sample_2.mp3,97.991,112.991,15
Drive My Car,Eiko Ishibashi,Drive my Car,2021,Drama,05:04,0,12.2,44.1,0,JPJ902104850,Ryûsuke Hamaguchi,202.879,217.879,15,Drive_My_Car_(the_important_thing_is_to_work)_Eiko_Ishibashi_sample_2.mp3,78.959,93.959,15
Root of an Unfocus,John Cage/Boris Berman,Shutter Island,2010,Mystery Thriller,04:58,1,12.2,48,0,HKI190020409,Martin Scorsese,88.446,103.446,15,Root_of_an_Unfocus_Boris-Berman-John_Cage-Shutter_Island_sample_2.mp3,215.147,230.147,15
In Motion,"Trent Reznor, Atticus Ross",The Social Network,2010,Biography Drama,04:57,0,12.6,44.1,0,TCAAR1068149,David Fincher,92.89,107.89,15,In_Motion_-_Trent Reznor_and_Atticus Ross_The_Social_Network_sample_2.mp3,247.017,262.017,15
So Long,Randy Newman,Toy Story 3,2010,Animation Adventure Comedy,04:55,0,9.6,44.1,0,USWD11038131,Lee Unkrich,97.88,112.88,15,So_Long_-Randy_Newman_toy_story_3_sample_2.mp3,263.088,278.088,15
Guled's Decision,Andre Matthias,The Gravedigger's Wife,2021,Drama,04:53,0,10.2,44.1,0,GBMEZ2152245,Khadar Ayderus Ahmed,100.983,115.983,15,Guled's_Decision_Andre_Matthias_The_Gravedigger's_Wife_sample_2.mp3,59.679,74.679,15
Deportation/Iguazu,Gustavo Santaolalla,Babel,2007,Drama,04:49,0,12.2,44.1,0,USC4R0614164,Alejandro G. Iñárritu,226.02,241.02,15,Deportation_Iguazu_Gustavo_Santaolalla_Babel_sample_2.mp3,91.288,106.288,15
I'll Be Around,"Yo La Tengo, Georgia Hubley, Ira Kaplan, James McNew",Boyhood,2014,Drama,04:45,1,12.4,44.1,0,USMTD1203168,Richard Linklater,19.498,34.498,15,"Yo_La_Tengo_-_I'll_Be_Around_Yo La Tengo,_Georgia_Hubley,_Ira Kaplan,_James_McNew_Boyhood_sample_2.mp3",257.166,272.166,15
What This Mission's About,Terence Blanchard,Da 5 Bloods,2020,Adventure Drama War,04:44,0,12.4,44.1,0,QZ8BZ2000170,Spike Lee,10.448,25.448,15,What_This_Mission's_About__Da_5_Bloods_Terence_Blanchard_sample_2.mp3,265.894,280.894,15
The Maze,Patrick Doyle,Harry Potter and the Goblet of Fire,2005,Adventure Family Fantasy,04:42,0,12.3,44.1,0,USWB10504713,Mike Newell,135.535,150.535,15,The_Maze__Patrick Doyle_Harry_Potter_and_the_Goblet_of_Fire_sample_2.mp3,135.324,150.324,15
Fission,Ludwig Göransson,Oppenheimer,2023,Biography Drama History,04:39,0,11.3,44.1,0,USQ4E2204390,Christopher Nolan,40.241,55.241,15,Oppenheimer_Fission_Ludwig_Göransson_sample_2.mp3,218.45,233.45,15
She Was,Camille Dalmais,Corsage,2022,Biography Drama History,04:38,0,11.7,48,0,FRZ111100526,Marie Kreutzer,225.153,240.153,15,Camille_-_She_Was_Corsage_sample_2.mp3,205.585,220.585,15
Gran Torino,Kyle Eastwood/Michael Stevens/Clint Eastwood/Jamie Cullum,Gran Torino,2008,Drama,04:37,1,8.9,44.1,0,FRPG51900050,Clint Eastwood,207.027,222.027,15,Kyle_Eastwood_-_Gran Torino_feat._Hugh_Coltman.crdownload_sample_2.mp3,219.318,234.318,15
Time,Hans Zimmer,Inception,2010,Action Adventure Sci-Fi,04:36,0,4.4,48,0,USRE11000577,Christopher Nolan,216.988,231.988,15,Hans_Zimmer_-_Time_-_Inception_sample_2.mp3,198.396,213.396,15
Theme For The Irishman,Robbie Robertson,The Irishman,2019,Biography Crime Drama,04:36,0,5.3,44.1,0,QZ8BZ1900600,Martin Scorsese,131.26,146.26,15,The_Irishman__Robbie_Robertson_-_Theme for The Irishman_sample_2.mp3,36.629,51.629,15
Nighthawk,"Mateus Alves, Tomaz Alves Souza",Bacurau,2019,Action Adventure Drama,04:30,0,11.3,44.1,0,BXURC1900009,"Juliano Dornelles , Kleber Mendonça Filho",10.81,25.81,15,"Nighthawk_Mateus_Alves,_Tomaz_Alves_Souza_Bacurau_sample_2.mp3",146.947,161.947,15
Debris,Steven Price,Gravity,2014,Drama Sci-Fi Thriller,04:25,0,11.1,44.1,0,USNLR1300549,Alfonso Cuarón,64.287,79.287,15,Debris_Steven_Price_Gravity_sample_2.mp3,47.299,62.299,15
The Hunt Theme,Nikolaj Egeland,The Hunt,2012,Drama,04:20,0,8.5,48,0,DKI4A1202001,Thomas Vinterberg,136.015,151.015,15,The_Hunt_theme_Nikolaj_Egeland_sample_2.mp3,28.789,43.789,15
Hand Covers Bruise,"Trent Reznor, Atticus Ross",The Social Network,2010,Biography Drama,04:19,0,11.1,44.1,0,TCAAR1068148,David Fincher,180.56,195.56,15,Hand_Covers_Bruise_Trent Reznor_and_Atticus Ross_The_Social_Network_sample_2.mp3,227.459,242.459,15
Forever Dialating Eye,Sinoia Caves,Beyond the Black Rainbow,2010,Horror Mystery Sci-Fi,04:19,0,11,44.1,0,US38Y1425301,Panos Cosmatos,167.861,182.861,15,Beyond_the_Black_Rainbow_Sinoia_Caves_-_Forever_Dilating_Eye_sample_2.mp3,169.447,184.447,15
Tomorrow May Not Be Your Day,Taj Mahal,Licorice Pizza,2021,Comedy Drama Romance,04:15,1,10.8,44.1,0,USSM10804131,Paul Thomas Anderson,217.419,232.419,15,Tomorrow_May_Not_Be_Your_Day_Taj_Mahal__Licorice_Pizza_sample_2.mp3,134.662,149.662,15
Closer,Valentin Hadjadj,Close,2022,Drama,04:13,0,10.2,44.1,0,FR9W12240404,Lukas Dhont,27.356,42.356,15,Closer_Valentin_Hadjadj_Close_sample_2.mp3,224.826,239.826,15
Las visitas,Alberto Iglesias,Parallel Mothers,2021,Drama,04:12,0,4.3,44.1,0,ES63I2100003,Pedro Almodóvar,45.742,60.742,15,Las-visitas_Alberto__Iglesias_Parallel_Mothers_sample_2.mp3,20.617,35.617,15
Married Life,Michael Giacchino,Up,2009,Animation Adventure Comedy,04:11,0,10.3,44.1,0,USWD10936421,"Pete Docter, Bob Peterson",192.876,207.876,15,Married_Life_Michael_Giacchino_Up_sample_2.mp3,64.226,79.226,15
I Am A Poor Wayfaring Stranger,Jos Slovick,1917,2019,Action Drama War,04:10,1,7.4,48,0,USSM12000717,Sam Mendes,4.871,19.871,15,jos-slovick-i-am-a-poor-wayfaring-stranger-from-1917-a-cappella-1917-ost_sample_2.mp3,200.863,215.863,15
Help Me Make It Through The Night,Kris Kristofferson,Corsage,2022,Biography Drama History,04:10,1,10.7,48,0,USAT29900870,Marie Kreutzer,117.391,132.391,15,Help_Me_Make_It_Through_the_Night-Kris_Kristofferson-Corsage_sample_2.mp3,73.03,88.03,15
See You,"Christopher Bear, Daniel Rossen",Past Lives,2023,Drama Romance,04:06,0,10.4,44.1,0,QMB622301636,Celine Song,177.691,192.691,15,"See_You__Christopher_Bear,_Daniel_Rossen_Past_Lives._sample_2.mp3",216.573,231.573,15
Real Gone Kid,Ricky Ross/Deacon Blue,Aftersun,2022,Drama,04:05,1,9.9,48,0,GBBBN8800009,Charlotte Wells,21.035,36.035,15,Real_Gone_Kid_-_Deacon_Blue_Aftersun_sample_2.mp3,46.944,61.944,15
Brother Love's Salvation Show,Neil Diamond,Once Upon a Time... in Hollywood,2019,Comedy Drama,04:03,1,4.3,44.1,0,USMC16946624,Quentin Tarantino,164.706,179.706,15,Neil_Diamond_-_Brother_Love's_Travelling_Salvation_Show_Once_Upon_a_Time_in_Hollywood_sample_2.mp3,171.929,186.929,15
Hunting,"Alexis Grapsas, Philip Klein",Pig,2021,Drama Mystery,04:03,0,10.7,44.1,0,USLS52104701,Michael Sarnoski,23.555,38.555,15,Hunting_Alexis Grapsas_Philip Klein_Pig_sample_2.mp3,211.858,226.858,15
One Without,Oliver Coates,Aftersun,2022,Drama,04:02,0,10.4,48,0,USLS52235802,Charlotte Wells,191.674,206.674,15,One_Without_Aftersun_-_Oliver_Coates_sample_2.mp3,106.07,121.07,15
Bunsen Burner,"Anthony William Tombling, CUTS",Ex Machina,2014,Drama Sci-Fi Thriller,04:02,1,10.2,44.1,0,USQ4E1501464,Alex Garland,207.075,222.075,15,Bunsen_Burner_-_Ex_Machina-Anthony_William_Tombling_CUTS_sample_2.mp3,117.912,132.912,15
Trente ans,Grégoire-Hetzel,An Impossible Love,2018,Biography Drama Romance,04:01,0,8.6,44.1,0,FR8E71804650,Catherine Corsini,97.814,112.814,15,Grégoire_Hetzel_-_Trente_ans__Un_amour_impossible_sample_2.mp3,89.683,104.683,15
Voodoo Mama,Justin Hurwitz,Babylon,2022,Drama Comedy History,03:59,0,4.2,44.1,0,USKLP2200888,Damien Chazelle,47.496,62.496,15,Voodoo_Mama_Babylon_Justin_Hurwitz_sample_2.mp3,214.415,229.415,15
Alexander Hamilton,Lin-Manuel Miranda / Cast of Hamilton,Hamilton,2020,Biography Drama History Musical,03:57,1,8.8,48,0,USAT21502596,Thomas Kail,211.395,226.395,15,alexander-hamilton_Hamilton_sample_2.mp3,112.758,127.758,15
Society,Eddie Vedder,Into the Wild,2007,Adventure Biography Drama,03:56,1,10.1,44.1,0,USJY51700107,Sean Penn,8.219,23.219,15,Society_Eddie_Vedder_Into_The_Wild_sample_2.mp3,127.985,142.985,15
The King's Choice,Johan Söderqvist,The King's Choice,2016,Biography Drama History,03:56,0,10.4,44.1,0,GBKPL1800998,Erik Poppe,188.623,203.623,15,The_King's_Choice_Johan_Söderqvist_The_King's_Choice_sample_2.mp3,156.022,171.022,15
The Worst Person In The World Suite Theme,Ola Fløttum,The Worst Person In The World,2021,"Comedy, Drama, Romance",03:55,0,7.9,44.1,0,,Joachim Trier,176.991,191.991,15,The_Worst_Person_in_the_World_-_Suite_Theme-_Ola_Fløttum_sample_2.mp3,81.026,96.026,15
Jojo's Theme,Michael Giacchino,Jojo Rabbit,2019,Comedy Drama War,03:55,0,10.2,44.1,0,USFM91900470,Taika Waititi,153.344,168.344,15,Jojo's_Theme_Michael_Giacchino_Jojo_Rabbit_sample_2.mp3,82.084,97.084,15
Ha Dias,Luca Mundaca,End of Watch,2012,Action Thriller,03:53,1,3.7,44.1,0,ushm80576997,David Ayer,149.067,164.067,15,Há_Dias_-_Luca_Mundaca_sample_2.mp3,197.851,212.851,15
Epiphany,"Trent Reznor, Atticus Ross",Soul,2020,Animation Adventure Comedy,03:53,0,4.2,44.1,0,USWD12097257,"Pete Docter, Kemp Powers",197.068,212.068,15,Trent-reznor-and-atticus-ross-epiphany__soul_sample_2.mp3,213.143,228.143,15
Joi,"Benjamin Wallfisch, Hans Zimmer",Blade Runner 2049,2017,Action Drama Mystery,03:52,0,9.4,44.1,0,QMCXZ1700073,Denis Villeneuve,204.543,219.543,15,Joi_Hans_Zimmer_Benjamin_Wallfisch_Blade_Runner_2049_sample_2.mp3,154.283,169.283,15
Something In The Way,"Nirvana, Kurt Cobain",The Batman,2022,Action Crime Drama,03:51,1,7.7,44.1,0,USGF19942512,Matt Reeves,100.78,115.78,15,Nirvana_-_Something_In_The_Way_The_Batman_sample_2.mp3,115.561,130.561,15
Quisling's Speech,Johan Söderqvist,The King's Choice,2016,Biography Drama History,03:51,0,9.8,44.1,0,GBKPL1801004,Erik Poppe,33.233,48.233,15,Quisling's_Speech_Johan_Söderqvist_The_King's_Choice_sample_2.mp3,93.467,108.467,15
Paddy & Tommy,Mark Isham,Warrior,2011,Action Drama Sport,03:48,0,10,48,0,USLS51123102,Gavin O'Connor,44.947,59.947,15,Paddy_&_Tommy_-_Mark_Isham-Warrior_sample_2.mp3,130.35,145.35,15
Stutter Apertures,Ryan Lott,Everything Everywhere All At Once,2022,"Action, Adventure, Comedy",03:47,1,4.3,44.1,0,QZ2S91901403,"Daniel Kwan, Daniel Scheinert",200.045,215.045,15,Everything_Everywhere_All_At_Once__Ryan_Lott_-_Stutter_Apertures_sample_2.mp3,43.782,58.782,15
End Credits,Leo Birenberg,Bottoms,2023,Comedy,03:47,0,9.2,44.1,0,USQX92304723,Emma Seligman,90.027,105.027,15,Leo_Birenberg_Bottoms_End Credits_sample_2.mp3,7.661,22.661,15
So May We Start,"Sparks, Leos Carax, Ron Mael, Russel Mael, Adam Driver, Marion Cotillard",Annette,2021,Drama Musical Romance,03:44,1,4.2,44.1,0,FR9W12042987,Leos Carax,190.549,205.549,15,Sparks_Leos_Carax_Ron_Mael_Russel_Mael_So_May_We_Start_-_Annette_sample_2.mp3,158.025,173.025,15
Too Old To Die Young,Brother Dege/ Dege Legg,Django Unchained,2012,Drama Western,03:43,1,7.4,44.1,0,USQS21000103,Quentin Tarantino,40.575,55.575,15,Too_Old_To_Die_Young-Brother_Dege_Django_Unchained_sample_2.mp3,199.096,214.096,15
Zeyn,Khaled Mouzanar,Capernaum,2018,Drama,03:43,0,7.9,48,0,FR9W11818783,Nadine Labaki,75.079,90.079,15,khaled-mouzanar-zeyn_Capernaum_sample_2.mp3,93.328,108.328,15
What's Up Danger,Blackway & Black Caviar / Jared Piccone,Spider-Man: Into the Spider-Verse,2018,Animation Action Adventure,03:42,1,3.6,48,0,USUM71818369,"Bob Persichetti, Peter Ramsey, Rodney Rothman",195.522,210.522,15,Blackway_&_Black_Caviar_-_What's_Up_Danger_Spider-Man_ Into_the_Spider-Verse_sample_2.mp3,7.575,22.575,15
Heptapod B,Jóhann Jóhannsson,Arrival,2016,Drama Mystery Sci-Fi,03:42,0,9.3,44.1,0,DEN961630802,Denis Villeneuve,126.736,141.736,15,Arrival_Heptapod_B_Jóhann Jóhannsson_sample_2.mp3,143.862,158.862,15
Singapore,Hans Zimmer,Pirates of the Caribbean: At World's End,2007,Action Adventure Fantasy,03:41,0,9.4,44.1,0,USWD10731836,Gore Verbinski,35.429,50.429,15,Singapore_Hans_Zimmer_Pirates_of_the_Caribbean_-_At_World's_End_sample_2.mp3,59.597,74.597,15
Meth Lab Zoso Sticker,Joie Calio / Phil Leavitt / 7Horse,The Wolf Of Wall Street,2013,Biography Comedy Crime,03:40,1,9.5,48,0,TCABB1195544,Martin Scorsese,85.603,100.603,15,7Horse_-_Meth_Lab_Zoso_Sticker_The_Wolf_Of_Wall_Street_sample_2.mp3,122.205,137.205,15
Across The Ocean,Thomas Newman,Elemental,2023,Animation Adventure Comedy,03:37,0,9.7,44.1,0,USWD12327211,Peter Sohn,124.666,139.666,15,Across_The_Ocean_Thomas_Newman_Elemental_sample_2.mp3,74.298,89.298,15
Phantom Thread I,Jonny Greenwood,Phantom Thread,2017,Drama History Romance,03:36,0,8.9,44.1,0,USNO11700810,Paul Thomas Anderson,32.825,47.825,15,Phantom_Thread_I_Jonny_Greenwood_Phantom_Thread_sample_2.mp3,134.308,149.308,15
Revolution Day,Julie Roué,Jeune Femme,2017,Comedy Drama,03:36,0,9.5,44.1,0,FRZ811708025,Léonor Serraille,56.929,71.929,15,Julie_Roué_-_Revolution_Day_Jeune_Femme_sample_2.mp3,132.133,147.133,15
Surveillance Video,Jóhann Jóhannsson,Prisoners,2013,Crime Drama Mystery,03:35,0,9.5,48,0,USNLR1300586,Denis Villeneuve,56.391,71.391,15,Surveillance_Video_-_Jóhann_Jóhannsson-Prisoners_sample_2.mp3,55.975,70.975,15
River,Alexandre Desplat,The Tree of Life,2011,Drama Fantasy,03:35,0,9.3,44.1,0,USLS51121704,Terrence Malick,104.73,119.73,15,River_Alexandre_Desplat_The_Tree_of_Life_sample_2.mp3,62.971,77.971,15
West Side Waltz,Dick Walter,Spotlight,2015,Biography Crime Drama,03:33,1,9.3,48,0,GBBGL0701200,Tom McCarthy,14.67,29.67,15,West_Side_Waltz_-_Dick_Walter_Spotlight_sample_2.mp3,31.655,46.655,15
Solomon,Hans Zimmer,12 Years A Slave,2013,Biography Drama History,03:31,0,9.4,48,0,USQX91302346,Steve McQueen,80.347,95.347,15,Solomon_Hans_Zimmer_12_Years_A_Slave_sample_2.mp3,187.744,202.744,15
RED ROOM BLUE ROOM,Ludwig Göransson,Tenet,2020,Action Sci-Fi Thriller,03:30,0,9.2,44.1,0,USNLR2000849,Christopher Nolan,187.668,202.668,15,TENET_RED_ROOM_BLUE_ROOM_-_Ludwig_Göransson_sample_2.mp3,71.353,86.353,15
Bounty Hunter,Heitor Pereira,Puss in Boots: The Last Wish,2022,Animation Adventure Comedy,03:28,0,9,44.1,0,USQ4E2203563,"Joel Crawford, Januel Mercado",35.676,50.676,15,Bounty_Hunter_Puss_In_Boots_Heitor_Pereira_sample_2.mp3,58.612,73.612,15
What I Love About Nicole,Randy Newman,Marriage Story,2019,Drama Romance,03:26,0,8.8,44.1,0,QZ8BZ1900432,Noah Baumbach,7.252,22.252,15,What_I_Love_About_Nicole_Randy_Newman_Marriage_Story_sample_2.mp3,181.8,196.8,15
Loneliness #3 (Night Talking),"Arcade Fire, Owen Pallett",Her,2013,Drama Sci-Fi Romance,03:25,0,8.5,44.1,0,USQX92004873,Spike Jonze,82.758,97.758,15,Loneliness_#3_(Night_Talking)_Arcade_Fire_Owen_Pallett_Her_sample_2.mp3,100.117,115.117,15
Warm Love,Van Morrison,Belfast,2021,Biography Drama Romance,03:24,1,8.6,44.1,0,USQX91501546,Kenneth Branagh,139.665,154.665,15,Van_Morrison-Warm_Love_Belfast_sample_2.mp3,32.384,47.384,15
Bottom of the List,Thomas Newman,The Help,2011,Drama,03:23,0,8.3,44.1,0,US3M51111411,Tate Taylor,49.351,64.351,15,Bottom_Of_The_List__The_Help_Thomas_Newman_sample_2.mp3,85.218,100.218,15
Day One Interstellar Main Theme,Hans Zimmer,Interstellar,2014,Adventure Drama Sci-Fi,03:21,0,8.6,44.1,0,USNLR1400776,Christopher Nolan,94.311,109.311,15,Hans_Zimmer_-_Day_One_Interstellar_Soundtrack_sample_2.mp3,123.123,138.123,15
Hate To Say I Told You So,"Randy Fitzsimmons, The Hives",Boyhood,2014,Drama,03:20,1,8.8,44.1,0,USNO11400532,Richard Linklater,103.204,118.204,15,The_Hives_-_Hate_to_Say_I_Told_You_So_Randy_Fitzsimmons_Boyhood_sample_2.mp3,78.756,93.756,15
Overture,Dario Marianelli,Anna Karenina,2012,Drama Romance,03:20,0,8.8,44.1,0,GBUM71205489,Joe Wright,158.735,173.735,15,Anna_Karenin_Overture_Dario_Marianelli_sample_2.mp3,75.544,90.544,15
Overture,Justin Hurwitz,Whiplash,2014,Drama Music,03:19,0,3.2,48,0,US3M51428602,Damien Chazelle,32.519,47.519,15,Whiplash_Overture_Justin_Hurwitz_sample_2.mp3,77.811,92.811,15
Pharmacy Heist,"Michael Andrews, Nosaj Thing",The King of Staten Island,2020,Comedy Drama,03:19,0,8.2,44.1,0,USQ4E2005711,Judd Apatow,11.985,26.985,15,Pharmacy_Heist__Michael Andrews_Nosaj Thing_The_King_Of_Staten_Island_sample_2.mp3,21.478,36.478,15
The Dance At The Gym: Mambo,"Leonard Berstein, David Newman, Matt Sullivan, Jeanine Tesori",West Side Story,2021,Crime Drama Musical,03:19,0/1,8.2,44.1,0,USHR12142271,Steven Spielberg,179.403,194.403,15,"Leonard_Bernstein_-_The_Dance_at_the_Gym_Mambo_West_Side_Story_Leonard_Berstein,_David_Newman,_Matt_Sullivan,_Jeanine_Tesori_sample_2.mp3",47.977,62.977,15
Katie's Life/Good Cop Dog Cop,Mark Mothersbaugh,The Mitchells vs the Machines,2021,Animation Adventure Comedy,03:18,0,8.2,44.1,0,US4DG2000262,"Michael Rianda, Jeff Rowe",168.985,183.985,15,Katie's_Life_Good_Cop_Dog_Cop_Mark_Mothersbaugh_The_Mitchells_vs_The_Machines_sample_2.mp3,173.764,188.764,15
Mist,Jung Hoon Hee and Song Chang-sik,Decision To Leave,2022,"Crime, Drama, Mystery",03:17,1,3.2,44.1,0,KRA341407177,Park Chan-wook,144.498,159.498,15,Decision_To_Leave_Mist_-_Jung_Hoon_Hee_sample_2.mp3,44.85,59.85,15
Speak Up,Hildur Guðnadóttir,Women Talking,2022,Drama,03:17,0,8.4,44.1,0,GBUM72205375,Sarah Polley,96.737,111.737,15,Speak_Up_Hildur_Guðnadóttir_Women_Talking_sample_2.mp3,149.561,164.561,15
Capernaum,Khaled Mouzanar,Capernaum,2018,Drama,03:16,0,6.8,48,0,FR9W11818769,Nadine Labaki,68.183,83.183,15,capharnaum_khaled_mouzanar-from-capharnaum-original-motion-picture-soundtrack_sample_2.mp3,1.399,16.399,15
The Big Smoke,Audiomachine,1917,2019,Action Drama War,03:16,0,5.9,48,0,QMJGX1800052,Sam Mendes,156.088,171.088,15,audiomachine-the-big-smoke-1917_sample_2.mp3,113.664,128.664,15
Start A War,The National/Matthew Berninger/Aaron Dessner,Warrior,2011,Action Drama Sport,03:16,1,8.4,48,0,GBAZP0700010,Gavin O'Connor,51.456,66.456,15,Start_a_War_-_The_National_Warrior_sample_2.mp3,93.166,108.166,15
Sheva Theme,Pritam Chakraborty,Brahmastra Part One: Shiva,2022,Action Adventure Fantasy,03:15,0/1,8.5,44.1,0,INS172221830,Ayan Mukerji,39.241,54.241,15,Shiva_Theme_Brahmāstra__Pritam_sample_2.mp3,14.916,29.916,15
The Beast,Jóhann Jóhannsson,Sicario,2015,Action Crime Drama,03:14,0,8,44.1,0,US3M51536902,Denis Villeneuve,3.441,18.441,15,Sicario_The_Beast-Johan_Jóhannsson_sample_2.mp3,148.731,163.731,15
The Beast,Jóhann Jóhannsson,Sicario,2015,Action Crime Drama,03:14,0,8,44.1,0,US3M51536902,Denis Villeneuve,3.441,18.441,15,Sicario_The_Beast-Johan_Jóhannsson_sample_2.mp3,148.731,163.731,15
Morality in Darkness,James Newton Howard,A Hidden Life,2019,Biography Drama Romance,03:14,0,8.3,44.1,0,USFM91900742,Terrence Malick,74.477,89.477,15,Morality_in_Darkness_James Newton Howard_A_Hidden_Life_sample_2.mp3,119.802,134.802,15
You and Whose Army?,Radiohead,Incendies,2010,Drama Mystery,03:11,1,6.8,48,0,GBAYE0001580,Denis Villeneuve,125.457,140.457,15,you-and-whose-army_radiohead_incendies_sample_2.mp3,84.026,99.026,15
Love Letters,Dario Marianelli,Atonement,2008,Drama Mystery Romance,03:10,0,8.2,44.1,0,GBUM70704841,Joe Wright,114.119,129.119,15,Love_Letters_Dario_Marianelli_Atonement_sample_2.mp3,169.6,184.6,15
Souleiman's Theme,Fatima Al Qadiri,Atlantics,2019,Drama Fantasy Mystery,03:10,0,8,44.1,0,FRZ811908001,Mati Diop,76.785,91.785,15,Souleiman's_Theme_Fatima_Al_Qadiri_Atlantics_sample_2.mp3,174.512,189.512,15
Montparnasse,Julie Roué,Jeune Femme,2017,Comedy Drama,03:09,0,8.5,44.1,0,FRZ811708031,Léonor Serraille,74.968,89.968,15,Montparnasse_Julie_Roué_Jeune_Femme_sample_2.mp3,150.871,165.871,15
Drive My Car (the important thing is to work),Eiko Ishibashi,Drive my Car,2021,Drama,03:08,0,7.5,44.1,0,JPJ902104880,Ryûsuke Hamaguchi,148.427,163.427,15,Drive_My_Car_Eiko_Ishibashi_Drive_My_Car_sample_2.mp3,224.553,239.553,15
That's Life,Frank Sinatra / Dean Kay & Kelly Gordon,Joker,2019,Crime Drama Thriller,03:07,1,3,48,0,USRH10723036,Todd Phillips,122.023,137.023,15,That's_Life_Frank_Sinatra_Joker_sample_2.mp3,21.075,36.075,15
Licorice Pizza,Jonny Greenwood,Licorice Pizza,2021,Comedy Drama Romance,03:07,0,8,44.1,0,USUG12105603,Paul Thomas Anderson,25.201,40.201,15,Licorice_Pizza__Jonny_Greenwood_Licorice_Pizza_sample_2.mp3,48.341,63.341,15
Walking Home,Andre Matthias,The Gravedigger's Wife,2021,Drama,03:07,0,8.2,44.1,0,GBMEZ2152235,Khadar Ayderus Ahmed,113.576,128.576,15,Walking_Home_Andre_Matthias_The_Gravedigger's_Wife_sample_2.mp3,98.48,113.48,15
It'll All Be Over,The Supreme Jubilees,Moonlight,2016,Drama,03:06,1,7.4,48,0,USDEA1412001,Barry Jenkins,52.216,67.216,15,It'll_All_Be_Over_The_Supreme_Jubilees_Moonlight_sample_2.mp3,124.635,139.635,15
Robbies Note,Dario Marianelli,Atonement,2008,Drama Mystery Romance,03:05,0,8.1,44.1,0,GBUM70704843,Joe Wright,146.295,161.295,15,Robbies_Note_Dario_Marianelli_Atonement_sample_2.mp3,16.172,31.172,15
Mr. Moustafa,Alexandre Desplat,The Grand Budapest Hotel,2014,Adventure Comedy Crime,03:04,0,7.7,48,0,USA171491001,Wes Anderson,158.931,173.931,15,Mr._Moustafa_The_Grand_Budapest_Hotel_Alexandre_Desplat_sample_2.mp3,52.005,67.005,15
La Jeune Fille en Feu,"Jean-Baptiste de Laubier, Para One, Arthur Simonini",Portrait of a Lady on Fire,2019,Drama Romance,03:03,0,8,44.1,0,TCAEK1989483,Céline Sciamma,9.932,24.932,15,La_Jeune_Fille_en_Feu_Portrait_of_a_Lady_on_Fire_Para_One_Arthur_Simonini_sample_2.mp3,80.696,95.696,15
Arboria Tapes,Sinoia Caves,Beyond the Black Rainbow,2010,Horror Mystery Sci-Fi,03:03,0,7.5,44.1,0,US38Y1425304,Panos Cosmatos,56.479,71.479,15,Beyond_the_Black_Rainbow_Sinoia_Caves_Arboria_Tapes_sample_2.mp3,113.206,128.206,15
Jálale,Mexican Institute of Sound / Camilo Lara,Coco,2017,Animation Adventure Comedy,03:02,0,2.9,48,0,MX3741700770,"Lee Unkrich, Adrian Molina",145.269,160.269,15,Mexican_Institute_of_Sound_-_Jálale_From Coco_sample_2.mp3,61.356,76.356,15
To Love Somebody,The Bee Gees,Glass Onion: A Knives Out Mystery,2022,Comedy Crime Drama,03:02,1,8,48,0,GBAKW6701004,Rian Johnson,77.232,92.232,15,The_Bee_Gees_-_To_Love_Somebody_Glass_Onion_sample_2.mp3,19.105,34.105,15
Main Theme,Jim Williams,Raw,2016,Drama Horror,03:02,0,3.2,44.1,0,USQ4E1702645,Julia Ducournau,47.592,62.592,15,Raw_-_Main_Theme_by_Jim_Williams_sample_2.mp3,15.967,30.967,15
Darkstar,Harold Faltermeyer / Lady Gaga / Hans Zimmer / Lorne Balfe,Top Gun: Maverick,2022,Action Drama,03:01,0,2.9,48,0,USKLP2200385,Joseph Kosinski,19.495,34.495,15,"Top_Gun_Harold_Faltermeyer,_Lady_Gaga,_Hans_Zimmer,_&_Lorne_Balfe_–_Darkstar_sample_2.mp3",136.142,151.142,15
Buckskin Stallion Blues,Townes Van Zandt,"Three Billboards Outside Ebbing, Missouri",2017,Comedy Crime Drama,03:01,1,8.2,48,0,USSH58740132,Martin McDonagh,128.605,143.605,15,"Buckskin_Stallion_Blues_-_Townes_Van_Zandt_-_Three_Billboards_Outside_Ebbing,_Missouri_sample_2.mp3",127.812,142.812,15
Daydream Believer,"The Monkees, John Stewart",Women Talking,2022,Drama,03:01,1,7.4,44.1,0,USRH10903995,Sarah Polley,72.683,87.683,15,Daydream_Believer_The_Monkees_Women_Talking_sample_2.mp3,162.796,177.796,15
Fare Thee Well (Dink's Song),"Oscar Isaac, Marcus Mumford",Inside Llewyn Davis,2013,Drama Music,03:00,0/1,7.7,44.1,0,USNO11300699,"Ethan Coen, Joel Coen",83.679,98.679,15,Fare_Thee_Well_(Dink's Song)_Oscar_Isaac_Marcus_Mumford_Inside_Llewyn_Davis_sample_2.mp3,44.246,59.246,15
Remains,Volker Bertelmann,All Quiet on the Western Front,2022,Action Drama War,02:59,0,3.4,44.1,0,QZ8BZ2202084,Edward Berger,116.63,131.63,15,All-quiet-on-the-western-front_remains-volker-bertelmann_sample_2.mp3,124.41,139.41,15
Invisible,Zara Larsson,Klaus,2019,Animation Adventure Comedy,02:56,1,7.7,48,0,USSM11912727,"Sergio Pablos, Carlos Martínez López",61.124,76.124,15,Zara_Larsson_-_Invisible_Klaus_sample_2.mp3,65.347,80.347,15
Polegnala E Todora,The Ensemble of the Bulgarian Republic,The Banshees of Inisherin,2022,Comedy Drama,02:56,1,7.4,48,0,USNO10200069,Martin McDonagh,3.99,18.99,15,Polegnala_E_Todora__The_Ensemble_of_the_Bulgarian_Republic-The_Banshees_Of_Inisherin_sample_2.mp3,131.856,146.856,15
Dust My Broom,Elmore James,The Wolf Of Wall Street,2013,Biography Comedy Crime,02:55,1,7.5,48,0,USMC15304324,Martin Scorsese,152.964,167.964,15,Dust_My_Broom_-_Elmore_James_The_Wolf_Of_Wall_Street._sample_2.mp3,39.451,54.451,15
Django,Luis Bacalov/ Rocky Roberts,Django Unchained,2012,Drama Western,02:54,1,2.8,48,0,USUG11201339,Quentin Tarantino,108.28,123.28,15,Django_Unchained_Luis_Bacalov_Django_sample_2.mp3,99.866,114.866,15
Sugar Storm,Trent Reznor/Atticus Ross,Gone Girl,2014,Drama Mystery Thriller,02:54,0,7.1,48,0,USQX91401961,David Fincher,18.042,33.042,15,Sugar_Storm_Gone_Girl_Trent_Reznor_Atticus_Ross_sample_2.mp3,50.734,65.734,15
"Despair, Hangover & Ecstasy","The Dø, Olivia Merilahti, Dan Levy",Raw,2016,Drama Horror,02:54,1,3.2,44.1,0,FR2MH1400015,Julia Ducournau,13.112,28.112,15,The_Do_-_Despair_Hangover_&_Ecstasy__Raw_sample_2.mp3,144.466,159.466,15
Calling The Whipper In,Jonny Greenwood,Spencer,2021,Biography Drama,02:54,0,7.2,44.1,0,GBUM72106709,Pablo Larraín,84.068,99.068,15,Calling_The_Whipper_In_Jonny_Greenwood_Spencer_sample_2.mp3,147.152,162.152,15
Kesariya,Pritam Chakraborty,Brahmastra Part One: Shiva,2022,Action Adventure Fantasy,02:52,0/1,7.8,44.1,0,INS172203702,Ayan Mukerji,126.985,141.985,15,Kesariya_-_Brahmāstra__Pritam_sample_2.mp3,47.501,62.501,15
Pas De Deux,Michael Abels,Us,2019,Horror Mystery Thriller,02:52,0,7.2,44.1,0,USQ4E1904558,Jordan Peele,117.252,132.252,15,Pas_De_Deux_Michael_Abels_Us_sample_2.mp3,76.229,91.229,15
Hungry Spirit,"Cornel Wilczek, Thomas E Rouch",Talk To Me,2022,Horror Thriller,02:52,0,7.1,44.1,0,QMB622321007,"Danny Philippou, Michael Philippou",126.663,141.663,15,Hungry Spirit_Cornel_Wilczek_Thomas_E_Rouch_Talk_To_Me_sample_2.mp3,4.821,19.821,15
Ciao Papa,"Alexandre Desplat, Gregory Mann, Guillermo del Toro",Guillermo del Toro's Pinocchio,2022,Animation Drama Family,02:51,0/1,6.3,44.1,0,QZ8BZ2202964,"Guillermo del Toro, Mark Gustafson",83.068,98.068,15,Ciao_Papa_Gregory_Mann_Alexandre_Desplat_Guillermo_Del_Toro's_Pinnochio_sample_2.mp3,50.711,65.711,15
Arrival,Jóhann Jóhannsson,Arrival,2016,Drama Mystery Sci-Fi,02:51,0,7.7,44.1,0,DEN961630801,Denis Villeneuve,42.275,57.275,15,Arrival_Jóhann_Jóhannsson_Arrival_sample_2.mp3,95.55,110.55,15
What A Life,"Scarlet Pleasure, Alexander Lørup Malone, Emil Goll, Joachim Dencker",Another Round,2020,"Comedy, Drama",02:50,1,3.2,44.1,0,DKUM71900015,Thomas Vinterberg,114.783,129.783,15,What_A_Life_-_Scarlet_Pleasure__Another_Round_sample_2.mp3,107.191,122.191,15
"Tell Me A Tale of Yourself, So That I Might Know Thee",Daniel Hart,The Green Knight,2021,Adventure Drama Fantasy,02:50,0,7.7,44.1,0,USQX92102192,David Lowery,90.684,105.684,15,"Tell_Me_A_Tale_Of_Yourself,_So_That_I_Might_Know_Thee_The_Green_Knight_Daniel_Hart_sample_2.mp3",71.731,86.731,15
Bundle of Joy,Michael Giacchino,Inside Out,2015,Animation Adventure Comedy,02:49,0,7.4,48,0,USWD11570561,"Pete Docter, Ronnie Del Carmen",13.418,28.418,15,Bundle_of_Joy_-_Michael_Giancchio_Inside_Out_sample_2.mp3,33.991,48.991,15
Is That What Everybody Wants,Cliff Martinez,Solaris,2002,Drama Mystery Romance,02:49,0,7,44.1,0,USFM90900083,Steven Soderbergh,38.587,53.587,15,Is_That_What_Everybody_Wants_Cliff Martinez_Solaris_sample_2.mp3,123.163,138.163,15
Boys in the Mirror,Fatima Al Qadiri,Atlantics,2019,Drama Fantasy Mystery,02:49,0,7.7,44.1,0,FRZ811908011,Mati Diop,33.231,48.231,15,Boys_in_the_Mirror__Fatima_Al_Qadiri_Atlantics_sample_2.mp3,49.997,64.997,15
"The Four Seasons - Summer in G Minor, RV. 315: III. Presto",Antonio Vivaldi,Portrait of a Lady on Fire,2019,Drama Romance,02:48,1,7.1,44.1,0,GBELX1506024,Céline Sciamma,78.858,93.858,15,"The_Four_Seasons-Summer_in_G_Minor,_RV._315_III._Presto_Antonio_Vivaldi_Portrait_of_a_Lady_on_Fire_sample_2.mp3",102.048,117.048,15
Family Trip,Jung Jaeil,Broker,2022,Comedy Crime Drama,02:48,0,7.5,44.1,0,KRA492200517,Hirokazu Koreeda,71.538,86.538,15,Family_Trip_Jung_Jaeil_Broker_sample_2.mp3,117.396,132.396,15
Creation,Mica Levi,Under The Skin,2013,Drama Horror Mystery,02:47,0,7.2,44.1,0,US5941404624,Jonathan Glazer,83.174,98.174,15,Creation_Mica_Levi_Under_the_Skin_sample_2.mp3,120.688,135.688,15
Prayer,Hans Zimmer,The Creator,2023,Action Adventure Drama,02:47,0,7.7,44.1,0,USHR12346460,Gareth Edwards,99.247,114.247,15,Prayer_Hans_Zimmer_The_Creator_sample_2.mp3,105.617,120.617,15
L'incontro Con La Figlia,Ennio Morricone,Inglorious Basterds,2009,Adventure Drama War,02:45,0,2.6,48,0,CH6321404166,Quentin Tarantino,23.678,38.678,15,Ennio_Morricone_-_L'incontro_Con_La_Figlia_Inglorious_Basterds_sample_2.mp3,85.901,100.901,15
The Frontal Lobe of Ki Taek,Jung Jaeil,Parasite,2019,Comedy Drama Thriller,02:44,0,2.6,48,0,KRA491900342,Bong Joon Ho,67.02,82.02,15,The_Frontal_Lobe_of_Ki_Taek_Parasite_Jung_Jaeil_sample_2.mp3,18.944,33.944,15
The Hem,Jonny Greenwood,Phantom Thread,2017,Drama History Romance,02:43,0,7.1,44.1,0,USNO11700811,Paul Thomas Anderson,16.51,31.51,15,The_Hem_Jonny_Greenwood_Phantom_Thread_sample_2.mp3,147.536,162.536,15
Up Is Down,Hans Zimmer,Pirates of the Caribbean: At World's End,2007,Action Adventure Fantasy,02:42,0,7.2,44.1,0,USWD10731846,Gore Verbinski,12.119,27.119,15,Up_Is_Down__Hans_Zimmer_Pirates_of_the_Caribbean_-_At_World's_End_sample_2.mp3,46.482,61.482,15
Infinity War,Alan Silvestri,Avengers: Infinity War,2018,Action Adventure Sci-Fi,02:41,0,2.6,48,0,USHR11838545,"Anthony Russo, Joe Russo",26.35,41.35,15,Alan_Silvestri_-_Infinity_War (From Avengers_sample_2.mp3,14.076,29.076,15
Chère Petite Chantal,Grégoire-Hetzel,An Impossible Love,2018,Biography Drama Romance,02:41,0,7.4,44.1,0,FR8E71804560,Catherine Corsini,38.337,53.337,15,Grégoire_Hetzel_-_Chère_petite_Chantal__Un_amour_impossible_sample_2.mp3,36.723,51.723,15
First Kisses,Ludwig Göransson,"Everything, Everything",2017,Drama Romance,02:41,0,7.3,44.1,0,USQX91701034,Stella Meghie,4.746,19.746,15,"First_Kisses__Ludwig_Göransson_Everything,_Everything_sample_2.mp3",51.692,66.692,15
C90,"Soundtree, Luis Almau (as Almau), Peter Raeburn (as Raeburn)",Under The Skin,2013,Drama Horror Mystery,02:40,1,3.2,44.1,0,,Jonathan Glazer,60.711,75.711,15,C90_-_Soundtree__Under_The_Skin_sample_2.mp3,130.017,145.017,15
All Quiet on the Western Front Main Theme,Volker Bertelmann,All Quiet on the Western Front,2022,Action Drama War,02:40,0,3.5,44.1,0,QZ8BZ2202106,Edward Berger,55.302,70.302,15,All-quiet-on-the-western-front_main-theme-song-volker-bertelmann_sample_2.mp3,14.099,29.099,15
Tilikum's Theme,Jeff Beal,Blackfish,2013,Documentary,02:40,0,7,44.1,0,USA2P2235133,Gabriela Cowperthwaite,114.615,129.615,15,Tilikum's_Theme_Jeff_Beal_Blackfish_sample_2.mp3,14.984,29.984,15
The Beginning,Pawel Mykietyn,EO,2022,Drama,02:39,0,3.2,44.1,0,USQX92204431,Jerzy Skolimowski,105.076,120.076,15,Pawel_Mykietyn_-_The Beginning_EO_sample_2.mp3,24.03,39.03,15
Rosie's Nocturne,Michael Giacchino,Jojo Rabbit,2019,Comedy Drama War,02:38,0,7.2,44.1,0,USFM91900514,Taika Waititi,116.369,131.369,15,Rosie's_Nocturne_Michael_Giacchino_Jojo_Rabbit_sample_2.mp3,130.361,145.361,15
Aaron Burr Sir,Lin-Manuel Miranda / Cast of Hamilton,Hamilton,2020,Biography Drama History Musical,02:37,1,6,48,0,USAT21502597,Thomas Kail,2.12,17.12,15,aaron-burr-sir_Hamilton_sample_2.mp3,112.754,127.754,15
I Put A Spell On You,Nina Simone/ Screamin' Jay Hawkins,Ford v Ferrari,2019,Action Biography Drama,02:36,1,6.5,48,0,USPR36600001,James Mangold,64.278,79.278,15,Nina_Simone_-_I_Put_A_Spell_On_You_-_Ford_V_Ferrari_sample_2.mp3,125.476,140.476,15
Jubilee Stomp,Duke Ellington,The Artist,2011,Comedy Drama Romance,02:36,1,3.2,44.1,0,USSM10021604,Michel Hazanavicius,104.099,119.099,15,Duke_Ellington_And_His_Cotton_Club_Orchestra_-_Jubilee_Stomp__The_Artist_sample_2.mp3,123.239,138.239,15
The Hungry Ghost,Aaron Cupples,Island of the Hungry Ghosts,2018,Documentary,02:36,0,7.2,44.1,0,QMB622011006,Gabrielle Brady,1.96,16.96,15,The_Hungry_Ghost__Aaron_Cupples_Island_of_the_Hungry_Ghosts_sample_2.mp3,136.941,151.941,15
Elisa's Theme,Alexandre Desplat,The Shape of Water,2018,Drama Fantasy Romance,02:36,0,7.3,44.1,0,GBUM71705451,Guillermo del Toro,52.897,67.897,15,Elisa's_Theme_Alexandre_Desplat_The_Shape_of_Water_sample_2.mp3,132.404,147.404,15
Define Dancing,Thomas Newman,Wall•E,2008,Animation Adventure Family,02:33,0,2.5,48,0,USWD10834323,Andrew Stanton,13.352,28.352,15,WALL•E_Define Dancing_Thomas_newman_sample_2.mp3,110.232,125.232,15
West,Jonny Greenwood,The Power of the Dog,2021,Drama Western,02:33,0,7,44.1,0,QZ8BZ2100868,Jane Campion,12.884,27.884,15,West_Jonny_Greenwood_The_Power_of_the_Dog_sample_2.mp3,47.882,62.882,15
The Mystery Of Inisherin,Carter Burwell,The Banshees of Inisherin,2022,Comedy Drama,02:31,0,6.3,48,0,USHR12244820,Martin McDonagh,77.847,92.847,15,The_Mystery_of_Inisherin_Carter_Burwell_The_Banshees_Of_Inisherin_sample_2.mp3,125.904,140.904,15
The One,Hans Zimmer,Dune,2021,Action Adventure Drama,02:31,0,6.2,44.1,0,USNLR2101182,Denis Villeneuve,65.27,80.27,15,DUNE_The_One_Hans_Zimmer_sample_2.mp3,108.276,123.276,15
Hope,James Newton Howard,A Hidden Life,2019,Biography Drama Romance,02:30,0,6.2,44.1,0,USFM91900744,Terrence Malick,45.13,60.13,15,Hope_James Newton Howard_A_Hidden_Life_sample_2.mp3,61.92,76.92,15
Sleepwalk,"Santo & Johnny, Santo Farina, Ann Farina and Johnny Farina",The Irishman,2019,Biography Crime Drama,02:28,1,3.2,44.1,0,ushm91281101,Martin Scorsese,73.491,88.491,15,The_Irishman__Sleepwalk_-_Santo_&_Johnny_sample_2.mp3,76.135,91.135,15
The Green Leaves of Summer,Nick Perito,Inglorious Basterds,2009,Adventure Drama War,02:26,1,2.3,48,0,DEBL60553746,Quentin Tarantino,32.435,47.435,15,Inglorious_Basterds_The_Green_Leaves_of_Summer_-_Nick_Perito_sample_2.mp3,111.128,126.128,15
The Trees Tell You Where To Look,"Alexis Grapsas, Philip Klein",Pig,2021,Drama Mystery,02:26,0,6.1,44.1,0,TCAFP2119455,Michael Sarnoski,76.955,91.955,15,The_Trees_Tell_You_Where_To_Look_Alexis Grapsas_Philip Klein_Pig_sample_2.mp3,14.379,29.379,15
Underwater Secrets,Patrick Doyle,Harry Potter and the Goblet of Fire,2005,Adventure Family Fantasy,02:26,0,6.3,44.1,0,USWB10504710,Mike Newell,130.28,145.28,15,Underwater_Secrets_Patrick Doyle_Harry_Potter_and_the_Goblet_of_Fire_sample_2.mp3,36.838,51.838,15
In Another Life,"Son Lux, Rafiq Bhatia, Ryan Lott",Everything Everywhere All At Once,2022,"Action, Adventure, Comedy",02:25,0,3.2,44.1,0,QMB622200538,"Daniel Kwan, Daniel Scheinert",96.058,111.058,15,Everything_Everywhere_All_At_Once__In Another Life_-_Son_Lux_sample_2.mp3,57.485,72.485,15
I Remember You,"Christopher Bear, Daniel Rossen",Past Lives,2023,Drama Romance,02:25,0,6,44.1,0,QMB622301626,Celine Song,43.65,58.65,15,"I_Remember_You_Christopher_Bear,_Daniel_Rossen_Past_Lives_sample_2.mp3",98.858,113.858,15
528491,Hans Zimmer,Inception,2010,Action Adventure Sci-Fi,02:24,0,2.3,48,0,USRE11000571,Christopher Nolan,86.555,101.555,15,528491_Inception_Hans_Zimmer_sample_2.mp3,9.233,24.233,15
You Are Not A Cow,Gary Gunn,A Thousand and One,2023,Crime Drama,02:24,0,6,44.1,0,USQ4E2204104,A.V. Rockwell,65.521,80.521,15,You_Are_Not_A_Cow__Gary_Gunn_A_Thousand_and_One_sample_2.mp3,7.123,22.123,15
She's Out Of This World!,"Sparks, Leos Carax, Ron Mael, Russel Mael, Adam Driver, Marion Cotillard",Annette,2021,Drama Musical Romance,02:23,0,2.9,44.1,0,FR9W12040534,Leos Carax,105.389,120.389,15,Sparks_Leos_Carax_Ron_Mael_Russel_Mael_She's-out-of-this-world-_Annette_sample_2.mp3,97.061,112.061,15
So Long Lovers Island,The Blue Jays,Green Book,2018,Biography Comedy Drama,02:22,1,5.2,48,0,QMWN31603047,Peter Farrelly,1.96,16.96,15,green-book-soundtrack-so-long-lovers-island-the-blue-jays_sample_2.mp3,56.788,71.788,15
Bliss (Main Theme),Valentin Hadjadj,Close,2022,Drama,02:22,0,6.1,44.1,0,FR9W12240394,Lukas Dhont,1.525,16.525,15,Bliss_(Main_Theme)_Valentin_Hadjadj_Close_sample_2.mp3,123.683,138.683,15
Ava,"Ben Salisbury, Geoff Barrow",Ex Machina,2014,Drama Sci-Fi Thriller,02:22,0,6.5,44.1,0,USQ4E1501457,Alex Garland,118.991,133.991,15,Ava_Ex_Machina_Ben_Salisbury_Geoff_Barrow_sample_2.mp3,107.661,122.661,15
Doors and Distance,Antonio Sánchez,Birdman,2014,Comedy Drama,02:21,0,5.7,44.1,0,US5941404961,Alejandro G. Iñárritu,105.246,120.246,15,Antonio_Sánchez_Doors_and_Distance_Birdman_sample_2.mp3,1.401,16.401,15
La Musique du Futur - Mon Coeur,"Jean-Baptiste de Laubier, Para One, Céline Sciamma",Petite Maman,2021,Drama Fantasy,02:20,0,6.6,44.1,0,TCAFP2119455,Céline Sciamma,56.385,71.385,15,La_Musique_du_Futur_-_Mon Coeur_Petite_Maman_Jean-Baptiste_de_Laubier_Para_One_Céline_Sciamma_sample_2.mp3,80.228,95.228,15
You Know You're Not Asleep,Steven Price,Last Night in Soho,2021,Drama Horror Mystery,02:19,0,6.5,44.1,0,USQ4E2100824,Edgar Wright,75.536,90.536,15,You_Know_You're_Not_Asleep_Steven_Price_Last_Night_In_Soho_sample_2.mp3,32.554,47.554,15
I Said Goodbye To Me,Harry Nilsson,The Worst Person In The World,2021,"Comedy, Drama, Romance",02:18,1,6,44.1,0,USRC16707578,Joachim Trier,75.189,90.189,15,The_Worst_Person_in_the_World-Harry_Nilsson_-_I_Said_Goodbye_to_Me_sample_2.mp3,59.524,74.524,15
25 Years,Jonny Greenwood,The Power of the Dog,2021,Drama Western,02:18,0,6,44.1,0,QZ8BZ2100867,Jane Campion,85.294,100.294,15,25_Years_Jonny_Greenwood_The_Power_of_the_Dog_sample_2.mp3,40.76,55.76,15
The Fabelmans,John Williams,The Fabelmans,2023,Drama,02:17,0,2.2,44.1,0,USQX92205176,Steven Spielberg,80.922,95.922,15,John_Williams_The_Fabelmans_sample_2.mp3,5.084,20.084,15
Big Country,Emile Mosseri,Minari,2020,Drama,02:16,0,6.3,44.1,0,USQX92005303,Lee Isaac Chung,62.53,77.53,15,Emile_Mosseri_–_Big Country_Minari_sample_2.mp3,4.464,19.464,15
Skinny Vegetarian Boy,Mychael Danna,Life of Pi,2013,Adventure Drama Fantasy,02:16,0,6,44.1,0,USSM11206136,Ang Lee,11.231,26.231,15,Skinny_Vegetarian_Boy_Mychael_Danna_Life_of_Pi_sample_2.mp3,39.826,54.826,15
Octopus,Dickon Hinchliffe,The Lost Daughter,2021,Drama,02:16,0,6.5,44.1,0,QA8BZ2100961,Maggie Gyllenhaal,36.549,51.549,15,Dickon_Hinchliffe_-_Octopus_The_Lost_Daughter_sample_2.mp3,61.921,76.921,15
Leda,Dickon Hinchliffe,The Lost Daughter,2021,Drama,02:15,0,6.3,44.1,0,QA8BZ2100956,Maggie Gyllenhaal,47.926,62.926,15,Dickon_Hinchliffe_-_Leda_The_Lost_Daughter_sample_2.mp3,7.364,22.364,15
Escape,Tom Holkenborg - Junkie XL,Mad Max: Fury Road,2015,Action Adventure Sci-Fi,02:14,0,5.9,48,0,USNLR1500080,George Miller,68.067,83.067,15,Escape_Mad_Max_Fury_Road_Junkie_XL_sample_2.mp3,10.579,25.579,15
Femme Fatale,Michael Abels,Us,2019,Horror Mystery Thriller,02:14,0,5.5,44.1,0,USQ4E1904547,Jordan Peele,74.334,89.334,15,Femme_Fatale_Michael_Abels_Us_sample_2.mp3,94.473,109.473,15
Time & Life,"Theodore Shapiro, José González, Mark Graham",The Secret Life of Walter Mitty,2013,Adventure Comedy Drama,02:14,0,6.1,44.1,0,USSM11307318,Ben Stiller,14.797,29.797,15,"Time_&_Life_Theodore_Shapiro,_José_González,_Mark_Graham_The_Secret_Life_of_Walter_Mitty_sample_2.mp3",57.453,72.453,15
She's Not Real,Hans Zimmer,The Creator,2023,Action Adventure Drama,02:13,0,6,44.1,0,USHR12346457,Gareth Edwards,2.004,17.004,15,She's_Not_Real__Hans_Zimmer_The_Creator_sample_2.mp3,116.658,131.658,15
Death Shall Have No Dominion,Cliff Martinez,Solaris,2002,Drama Mystery Romance,02:10,0,5.2,44.1,0,USFM90900087,Steven Soderbergh,82.862,97.862,15,Death_Shall_Have_No_Dominion_Cliff Martinez_Solaris_sample_2.mp3,66.557,81.557,15
Ruby's Theme,Marius de Vries,Coda,2021,Comedy Drama Music,02:09,0,6,44.1,0,USUG12103743,Sian Heder,19.383,34.383,15,Ruby's_Theme_Marius_de_Vries_Coda_sample_2.mp3,54.841,69.841,15
Final Ascent,Hans Zimmer,No Time to Die,2021,Action Adventure Thriller,02:08,0,14.6,44.1,0,GBUM72108080,Cary Joji Fukunaga,336.756,351.756,15,Final_Ascent_Hans_Zimmer_No_Time_To_Die_sample_2.mp3,105.322,120.322,15
Theme of Ms. Okudera,Radwimps,Your Name.,2016,Animation Drama Fantasy,02:07,0,3.7,48,0,JPPO01618957,Makoto Shinkai,47.601,62.601,15,theme-of-ms-okudera_radwimps_your_name_sample_2.mp3,106.441,121.441,15
Square Escape,Hans Zimmer,No Time to Die,2021,Action Adventure Thriller,02:07,0,6.1,44.1,0,GBUM72003911,Cary Joji Fukunaga,11.275,26.275,15,Square_Escape_Hans_Zimmer_No_Time_To_Die__sample_2.mp3,65.895,80.895,15
Angela Tries To Leave,Cliff Martinez,KIMI,2022,Crime Drama Thriller,02:05,0,5.2,44.1,0,USNLR2200013,Steven Soderbergh,34.558,49.558,15,Angela_Tries_to_Leave_Cliff_Martinez__KIMI_sample_2.mp3,21.683,36.683,15
Summer Montage / Madeline,Justin Hurwitz,La La Land,2016,Comedy Drama Music,02:05,0,5,44.1,0,USUG11600663,Damien Chazelle,40.218,55.218,15,Summer_Montage_Madeline_La_La_Land_Justin_Hurwitz_sample_2.mp3,55.155,70.155,15
Too Late,Dario Marianelli,Anna Karenina,2012,Drama Romance,02:03,0,5.1,44.1,0,GBUM71205501,Joe Wright,33.846,48.846,15,Anna_Karenina_Too Late_Dario_Marianelli_sample_2.mp3,104.098,119.098,15
The Middle Of The World,Nicholas Britell,Moonlight,2016,Drama,02:02,0,5.5,48,0,USLS51689005,Barry Jenkins,31.609,46.609,15,Nicholas_Britell_-_The_Middle_Of_The_World_-_Moonlight_sample_2.mp3,71.344,86.344,15
In Stori Stif and Stronge,Daniel Hart,The Green Knight,2021,Adventure Drama Fantasy,02:01,0,5.3,44.1,0,USQX92102189,David Lowery,70.225,85.225,15,In_Stori_Stif_And_Stronge_The_Green_Knight_Daniel_Hart_sample_2.mp3,7.005,22.005,15
Wall-E,Thomas Newman,Wall•E,2008,Animation Adventure Family,02:00,0,1.9,48,0,USWD10834305,Andrew Stanton,9.699,24.699,15,Wall-E_Thomas_Newman_sample_2.mp3,10.201,25.201,15
It's On Your Buzzer,Cliff Martinez,KIMI,2022,Crime Drama Thriller,02:00,0,5,44.1,0,USNLR2200025,Steven Soderbergh,47.487,62.487,15,It’s_on_Your_Buzzer_-_Cliff_Martinez__KIMI_sample_2.mp3,2.778,17.778,15
"Love Theme from ""The Midwife""",Pessi Levanto,The Midwife,2017,Drama,01:59,0,5,44.1,0,GBRKQ2103576,Martin Provost,92.448,107.448,15,Love_Theme_from_The_Midwife_Pessi_Levanto_sample_2.mp3,34.693,49.693,15
Timekeeper,Michael Brook,Into the Wild,2007,Adventure Biography Drama,01:59,0,4.8,44.1,0,USLS50797704,Sean Penn,45.528,60.528,15,Into_the_Wild_Timekeeper_Michael_Brook_sample_2.mp3,80.827,95.827,15
Blackfish,Jeff Beal,Blackfish,2013,Documentary,01:59,0,5.7,44.1,0,USA2P2235140,Gabriela Cowperthwaite,14.607,29.607,15,Blackfish_Jeff_Beal_Blackfish_sample_2.mp3,12.01,27.01,15
Roll Jordan Roll,Topsy Chapman/Chiwetel Ejiofor/Cast,12 Years A Slave,2013,Biography Drama History,01:57,1,4.9,48,0,USQX91302348,Steve McQueen,94.125,109.125,15,Roll_Jordan_Roll_-_Topsy Chapman_12_Years_A_Slave_sample_2.mp3,28.353,43.353,15
Tape Cul,Jean-Benoît Dunckel,Summer of '85,2020,Drama Romance,01:57,0,5.2,44.1,0,FR9W12014900,François Ozon,38.569,53.569,15,Tape_cul_Jean-Benoît_Dunckel_Summer_Of_85'_sample_2.mp3,24.421,39.421,15
Mother,Cornel Wilczek,Talk To Me,2022,Horror Thriller,01:57,0,5,44.1,0,QMB622321001,"Danny Philippou, Michael Philippou",40.405,55.405,15,Mother_Cornel_Wilczek_Talk_To_Me_sample_2.mp3,61.92,76.92,15
Airlock,Steven Price,Gravity,2014,Drama Sci-Fi Thriller,01:57,0,5.3,44.1,0,USNLR1300553,Alfonso Cuarón,1.484,16.484,15,Airlock_Steven_Price_Gravity_sample_2.mp3,18.234,33.234,15
The End,Nikolaj Egeland,The Hunt,2012,Drama,01:56,0,4.1,48,0,DKI4A1202007,Thomas Vinterberg,72.618,87.618,15,The_Hunt_the-end_Nikolaj_Egelund_sample_2.mp3,35.95,50.95,15
Ron Meets FBI Agent,Terence Blanchard,BlacKkKlansman,2018,Biography Crime Comedy,01:56,0,4.9,44.1,0,USQ4E1803856,Spike Lee,54.022,69.022,15,Ron_Meets_FBI_Agent_Terence_Blanchard_BlacKkKlansman_sample_2.mp3,40.942,55.942,15
David Talks About His Mother,Terence Blanchard,Da 5 Bloods,2020,Adventure Drama War,01:56,0,5.4,44.1,0,QZ8BZ2000187,Spike Lee,77.56,92.56,15,David_Talks_About_His_Mother_Da_5_Bloods_Terence_Blanchard_sample_2.mp3,19.103,34.103,15
Whiplash,Hank Levy,Whiplash,2014,Drama Music,01:55,1,4.9,48,0,US3M51428604,Damien Chazelle,58.231,73.231,15,Whiplash_Hank_Levy_sample_2.mp3,44.274,59.274,15
Ecce Homo,Francesco De Masi,Once Upon a Time... in Hollywood,2019,Comedy Drama,01:55,0/1,2.2,44.1,0,ITD411100330,Quentin Tarantino,58.492,73.492,15,Francesco_De_Masi_-_Ecce_Homo_Once_Upon_a_Time_in_Hollywood_sample_2.mp3,57.068,72.068,15
Theme from Glass Onion,Nathan Johnson,Glass Onion: A Knives Out Mystery,2022,Comedy Crime Drama,01:54,0,5,48,0,QZ8BZ2202677,Rian Johnson,76.967,91.967,15,Nathan_Johnson_-_Theme_From_Glass_Onion_Glass_Onion_sample_2.mp3,80.34,95.34,15
Working The Boulder Problem,Marco Beltrami,Free Solo,2018,Documentary Adventure Sport,01:54,0,5.3,44.1,0,QMQXU1800023,"Jimmy Chin, Elizabeth Chai Vasarhelyi",26.77,41.77,15,Working_The_Boulder_Problem_Marco_Beltrami_Free_Solo_sample_2.mp3,52.882,67.882,15
Le Feu,Jean-Benoît Dunckel,Summer of '85,2020,Drama Romance,01:53,0,5,44.1,0,FR9W12014898,François Ozon,1.713,16.713,15,Le_feu_Jean-Benoît_Dunckel_Summer_Of_85'_sample_2.mp3,45.381,60.381,15
The Wings,Gustavo Santaolalla,Brokeback Mountain,2006,Drama Romance,01:53,0,4.9,44.1,0,USUG10500521,Ang Lee,77.318,92.318,15,The_Wings_Gustavo_Santaolalla_Brokeback_Mountain_sample_2.mp3,28.767,43.767,15
Un Poco Loco,Anthony Gonzalez / Gael García Bernal,Coco,2017,Animation Adventure Comedy,01:52,1,1.8,48,0,USWD11783639,"Lee Unkrich, Adrian Molina",29.637,44.637,15,Un_Poco_Loco_From_Coco_Anthony_Gonzalez_Gael_García_Bernal_sample_2.mp3,90.998,105.998,15
Can You Hear The Music,Ludwig Göransson,Oppenheimer,2023,Biography Drama History,01:50,0,4.9,44.1,0,USQ4E2204391,Christopher Nolan,41.79,56.79,15,Oppenheimer_Can_You_Hear_The_Music__Ludwig_Göransson_sample_2.mp3,46.662,61.662,15
Pursuit/Terry's World,"Trent Reznor, Atticus Ross",Soul,2020,Animation Adventure Comedy,01:46,0,1.7,44.1,0,USWD12097254,"Pete Docter, Kemp Powers",31.552,46.552,15,Trent-reznor-and-atticus-ross__pursuit_terrys-world-soul_sample_2.mp3,30.867,45.867,15
Jim Crow,Thomas Newman,The Help,2011,Drama,01:46,0,5.1,44.1,0,US3M51111407,Tate Taylor,66.773,81.773,15,Jim_Crow_The_Help_Thomas_Newman_sample_2.mp3,30.673,45.673,15
Tazarine,Gustavo Santaolalla,Babel,2007,Drama,01:46,0,5.2,44.1,0,USC4R0614162,Alejandro G. Iñárritu,7.828,22.828,15,Tazarine_Gustavo_Santaolalla_Babel_sample_2.mp3,64.2,79.2,15
Jupiter's Claim,Michael Abels,Nope,2022,Horror Mystery Sci-Fi,01:43,0,5,44.1,0,USQ4E2200895,Jordan Peele,54.665,69.665,15,Jupiter's_Claim_Michael_Abels_Nope_sample_2.mp3,38.928,53.928,15
Spy Meeting,Alexandre Desplat,The Shape of Water,2018,Drama Fantasy Romance,01:43,0,4.8,44.1,0,GBUM71705453,Guillermo del Toro,30.534,45.534,15,Spy_Meeting_Alexandre_Desplat_The_Shape_of_Water_sample_2.mp3,47.624,62.624,15
"Fantasie in f Moll, D 940",Franz Schubert,Another Round,2020,"Comedy, Drama",01:42,0/1,2.2,44.1,0,QZHN62098907,Thomas Vinterberg,68.754,83.754,15,"Another_Round__DRUK_-_Schubert_ Fantasie_in_f_Moll,_D940_(Fantasy_in_F_minor)_sample_2.mp3",33.995,48.995,15
Book Reviews and Big Dates,Ludwig Göransson,"Everything, Everything",2017,Drama Romance,01:42,0,4.1,44.1,0,USQX91701033,Stella Meghie,61.196,76.196,15,"Book_Reviews_and_Big_Dates_Ludwig_Göransson_Everything,_Everything_sample_2.mp3",34.18,49.18,15
Kinderszenen op.15 I. Von Fremden Ländern und Menschen,Robert Schumann,Little Women,2019,"Drama, Romance",01:41,1,4.1,44.1,0,DEF058330102,Greta Gerwig,30.401,45.401,15,Little_Women_-_Robert_Schumann_-_Kinderszenen_op.15_I._Von_Fremden_Ländern_und_Menschen_sample_2.mp3,43.881,58.881,15
Yucatán,Ludwig Göransson,Black Panther: Wakanda Forever,2018,Action Adventure Sci-Fi,01:41,0,4.8,44.1,0,USHR12244875,Ryan Coogler,7.189,22.189,15,Ludwig_Göransson_-_Yucatán__Black_Panther_Wakanda_Forever_sample_2.mp3,49.921,64.921,15
I'm With You To The End,Steven Price,Last Night in Soho,2021,Drama Horror Mystery,01:41,0,4.4,44.1,0,USQ4E2100822,Edgar Wright,63.079,78.079,15,I'm_With_You_To_The_End_Steven_Price_Last_Night_In_Soho_sample_2.mp3,64.933,79.933,15
A Story About Letters,Alfonso G. Aguilar,Klaus,2019,Animation Adventure Comedy,01:38,0,4.2,48,0,QZ8BZ1900699,"Sergio Pablos, Carlos Martínez López",14.987,29.987,15,A_Story_About_Letters_Alfonso_G._Aguilar_Klaus_sample_2.mp3,20.431,35.431,15
Pinocchio's Choice,Alexandre Desplat,Guillermo del Toro's Pinocchio,2022,Animation Drama Family,01:38,0,4.8,44.1,0,QZ8BZ2202987,"Guillermo del Toro, Mark Gustafson",79.681,94.681,15,Pinocchio's_Choice_Alexandre_Desplat_Guillermo_Del_Toro's_Pinnochio_sample_2.mp3,73.23,88.23,15
Mia & Sebastian's Theme,Justin Hurwitz,La La Land,2016,Comedy Drama Music,01:38,0,4.8,44.1,0,USUG11600660,Damien Chazelle,62.99,77.99,15,Mia_&_Sebastian’s_Theme_La_La_Land_Justin_Hurwitz_sample_2.mp3,10.834,25.834,15
Les feuilles mortes,Jean-Michel Blais,Matthias & Maxime,2020,Drama Romance,01:38,0,4.8,44.1,0,GBUM71904687,Xavier Dolan,43.303,58.303,15,Les_feuilles_mortes_Jean-Michel_Blais_Matthias_&_Maxime_sample_2.mp3,11.04,26.04,15
Bali Girls,"Michael Stearns, Bonnie Jo Hunt, Ron Sunsinger",Samsara,2011,Documentary Music,01:38,0,4.7,44.1,0,US3M51215901,Ron Fricke,6.241,21.241,15,"Bali_Girls_-_Michael_Stearns,_Bonnie_Jo_Hunt,_Ron_Sunsinger_Samsara_sample_2.mp3",63.672,78.672,15
Garden Of Eden,Emile Mosseri,Minari,2020,Drama,01:37,0,4.8,44.1,0,USQX92005304,Lee Isaac Chung,66.731,81.731,15,Garden_of_Eden_Emile_Mosseri_Minari_sample_2.mp3,15.944,30.944,15
He Had A Good Time,Cliff Martinez,Drive,2011,Action Drama,01:37,0,4.8,44.1,0,USLS51123208,Nicolas Winding Refn,38.488,53.488,15,He_Had_a_Good_Time_Cliff_Martinez_Drive_sample_2.mp3,41.631,56.631,15
Robots Capture Humans,Mark Mothersbaugh,The Mitchells vs the Machines,2021,Animation Adventure Comedy,01:37,0,4.8,44.1,0,US4DG2000267,"Michael Rianda, Jeff Rowe",31.943,46.943,15,Robots_Capture_Humans__Mark_Mothersbaugh_The_Mitchells_vs_The_Machines_sample_2.mp3,1.8,16.8,15
Haunted Piano,"Rob, Robin Caudert",Maniac,2012,Horror Thriller,01:35,0,3.9,44.1,0,FRPDG1200250,Franck Khalfoun,27.929,42.929,15,"Rob,_Robin_Caudert-Haunted_Piano_Maniac_sample_2.mp3",62.647,77.647,15
Drum & Drone,Justin Hurwitz,Whiplash,2014,Drama Music,01:34,0,4.3,48,0,US3M51428613,Damien Chazelle,52.911,67.911,15,Drum_&_Drone_Whiplash_Justin_Hurwitz_sample_2.mp3,54.109,69.109,15
L'amitié,Jean-Michel Blais,Matthias & Maxime,2020,Drama Romance,01:33,0,4.6,44.1,0,GBUM71904686,Xavier Dolan,15.389,30.389,15,L'amitié_Jean-Michel_Blais_Matthias_&_Maxime_sample_2.mp3,76.107,91.107,15
Opening,Gustavo Santaolalla,Brokeback Mountain,2006,Drama Romance,01:31,0,4.4,44.1,0,USUG10500518,Ang Lee,62.001,77.001,15,Opening__Gustavo_Santaolalla_Brokeback_Mountain_sample_2.mp3,44.362,59.362,15
Surveillance,Jóhann Jóhannsson,Sicario,2015,Action Crime Drama,01:30,0,4.1,44.1,0,US3M51536910,Denis Villeneuve,14.907,29.907,15,Surveillance_Sicario_Johan_Jóhannsson_sample_2.mp3,21.374,36.374,15
Surveillance,Jóhann Jóhannsson,Sicario,2015,Action Crime Drama,01:30,0,4.1,44.1,0,US3M51536910,Denis Villeneuve,14.907,29.907,15,Surveillance_Sicario_Johan_Jóhannsson_sample_2.mp3,21.374,36.374,15
To Titovka,Pessi Levanto,The Midwife,2017,Drama,01:30,0,4.3,44.1,0,GBRKQ2103554,Martin Provost,37.9,52.9,15,To_Titovka__The_Midwife_Pessi_Levanto_sample_2.mp3,73.343,88.343,15
Milk & Honey #1,"Arcade Fire, Owen Pallett",Her,2013,Drama Sci-Fi Romance,01:28,0,4.3,44.1,0,USQX92004872,Spike Jonze,41.064,56.064,15,Milk_&_Honey_#1_Arcade_Fire_Owen_Pallett_Her_sample_2.mp3,30.692,45.692,15
Love Story,Pawel Mykietyn,EO,2022,Drama,01:27,0,2.2,44.1,0,USQX92204436,Jerzy Skolimowski,10.157,25.157,15,Pawel_Mykietyn-Love_Story_EO_sample_2.mp3,59.242,74.242,15
Ending From Bedroom,Jim Williams,Titane,2022,Drama Horror Sci-Fi,01:25,0,4.3,44.1,0,USQX92103071,Julia Ducournau,62.236,77.236,15,Ending_from_Bedroom_Jim_Williams_Titane_sample_2.mp3,35.428,50.428,15
T'Challa,Ludwig Göransson,Black Panther: Wakanda Forever,2018,Action Adventure Sci-Fi,01:25,0,4.1,44.1,0,USHR12244889,Ryan Coogler,66.692,81.692,15,Ludwig_Göransson_T'Challa_Black_Panther_Wakanda_Forever_sample_2.mp3,51.275,66.275,15
Almost Human,Antonio Sánchez,Birdman,2014,Comedy Drama,01:25,0,4.3,44.1,0,US5941404963,Alejandro G. Iñárritu,6.801,21.801,15,Almost_Human_Antonio_Sánchez_Birdman_sample_2.mp3,67.751,82.751,15
Mildred Goes To War,Carter Burwell,"Three Billboards Outside Ebbing, Missouri",2017,Comedy Crime Drama,01:24,0,4.2,48,0,GB6LT1700515,Martin McDonagh,58.038,73.038,15,"Mildred_Goes_To_War_-_Carter_Burwell_Three_Billboards_Outside_Ebbing,_Missouri_sample_2.mp3",34.47,49.47,15
Slow Machine,"Rob, Robin Caudert",Maniac,2012,Horror Thriller,01:23,0,4.1,44.1,0,FRPDG1200290,Franck Khalfoun,37.133,52.133,15,"Rob,_Robin_Caudert-Slow_Machine_Maniac_sample_2.mp3",7.553,22.553,15
Evidence,Cho Young-wuk,Decision To Leave,2022,"Crime, Drama, Mystery",01:22,0,2.2,44.1,0,KRF012300022,Park Chan-wook,61.715,76.715,15,Decision_To_Leave_Evidence_-_Cho_Young-wuk_sample_2.mp3,2.413,17.413,15
Love Scooter,Thomas Newman,Elemental,2023,Animation Adventure Comedy,01:22,0,4.1,44.1,0,USWD12327224,Peter Sohn,41.704,56.704,15,"Love_Scooter_Thomas_Newman_Elemental.mp3', 'start_time': 65.834, 'end_time': 80.834, 'output_filename': 'Love_Scooter_Thomas_Newman_Elemental_sample_2.mp3'",65.834,80.834,15
Make The First Move,Kris Bowers,Green Book,2018,Biography Comedy Drama,01:21,0,3.1,48,0,US5941410068,Peter Farrelly,15.569,30.569,15,green-book-soundtrack-make-the-first-move-kris-bowers_sample_2.mp3,61.364,76.364,15
Limpeza Pesada,"Mateus Alves, Tomaz Alves Souza",Bacurau,2019,Action Adventure Drama,01:21,0,4.2,44.1,0,BXURC1900011,"Juliano Dornelles , Kleber Mendonça Filho",12.077,27.077,15,"Limpeza_Pesada_Mateus_Alves,_Tomaz_Alves_Souza_Bacurau_sample_2.mp3",12.437,27.437,15
Sikiliza Kwa Wahenga,Michael Abels,Get Out,2017,Horror Mystery Thriller,01:20,0,4.1,48,0,USQ4E1702699,Jordan Peele,14.855,29.855,15,Sikiliza_Kwa_Wahenga_-_Michael_Abels_Get_Out_sample_2.mp3,27.954,42.954,15
Star Light-Star Bright,Heitor Pereira,Puss in Boots: The Last Wish,2022,Animation Adventure Comedy,01:20,0,4.1,44.1,0,USQ4E2203558,"Joel Crawford, Januel Mercado",19.283,34.283,15,Star_Light-Star_Bright__Heitor_Pereira_Puss_in_Boots_The Last_Wish_sample_2.mp3,25.503,40.503,15
The Log,Marius de Vries,Coda,2021,Comedy Drama Music,01:20,0,4.1,44.1,0,USUG12103734,Sian Heder,29.923,44.923,15,The_Log_Marius_de_Vries_Coda_sample_2.mp3,64.964,79.964,15
Swimming and Skiing,"Lisa Gerrard, Marcello de Francisci",Samsara,2011,Documentary Music,01:18,0,4.1,44.1,0,US3M51215906,Ron Fricke,22.801,37.801,15,"Swimming_And_Skiing_Lisa_Gerrard,_Marcello_de_Francisci_Samsara_sample_2.mp3",32.534,47.534,15
Vehicular Jeff-Slaughter,Leo Birenberg,Bottoms,2023,Comedy,01:16,0,4,44.1,0,USQX92304702,Emma Seligman,5.415,20.415,15,Vehicular_Jeff-slaughter_Leo_Birenberg_Bottoms_sample_2.mp3,32.027,47.027,15
"The Inflated Tear - The Car, the Club",Mark Isham,Judas and the Black Messiah,2021,Biography Drama History,01:15,0,3,44.1,0,USNLR2100121,Shaka King,21.061,36.061,15,"Judas_and_the_Black_Messiah_The_Inflated_Tear_-_The_Car,_the_Club_Mark_Isham_sample_2.mp3",8.886,23.886,15
Free Haircut,Marco Beltrami,Free Solo,2018,Documentary Adventure Sport,01:14,0,3.9,44.1,0,QMQXU1800024,"Jimmy Chin, Elizabeth Chai Vasarhelyi",47.156,62.156,15,Free_Haircut_Marco_Beltrami_Free_Solo_sample_2.mp3,35.994,50.994,15
Kevin Beak'n,Michael Giacchino,Up,2009,Animation Adventure Comedy,01:14,0,3.8,44.1,0,USWD10936426,"Pete Docter, Bob Peterson",9.166,24.166,15,Kevin_Beak'n__Michael_Giacchino_Up_sample_2.mp3,41.56,56.56,15
Conciliation II,Jung Jaeil,Parasite,2019,Comedy Drama Thriller,01:13,0,1.2,48,0,KRA491900329,Bong Joon Ho,18.956,33.956,15,Conciliation_II_Parasite_Jung_Jaeil_sample_2.mp3,5.77,20.77,15
WTF Is That,Michael Abels,Nope,2022,Horror Mystery Sci-Fi,01:13,0,2.9,44.1,0,USQ4E2200917,Jordan Peele,15.969,30.969,15,WTF_Is_That_Michael_Abels_Nope_sample_2.mp3,41.038,56.038,15
Christ in the Mountains,Mychael Danna,Life of Pi,2013,Adventure Drama Fantasy,01:13,0,2.9,44.1,0,USSM11206125,Ang Lee,43.307,58.307,15,Christ_in_the_Mountains_Mychael_Danna_Life_of_Pi_sample_2.mp3,30.005,45.005,15
Sesión de fotos,Alberto Iglesias,Parallel Mothers,2021,Drama,01:12,0,2.9,44.1,0,ES63I2100001,Pedro Almodóvar,11.657,26.657,15,Parallel_Mothers_Sesión_de_fotos_-_Alberto_Iglesias_Madres_Paralelas_sample_2.mp3,10.239,25.239,15
For Petra,Hildur Guðnadóttir,Tár,2022,Drama Music,01:12,0/1,2.9,44.1,0,USQ4E2201059,Todd Field,55.595,70.595,15,Guðnadóttir_For_Petra_Tár_Hildur Guðnadóttir_sample_2.mp3,25.862,40.862,15
The Ferry,"Michael Andrews, Nosaj Thing",The King of Staten Island,2020,Comedy Drama,01:11,0,2.8,44.1,0,USQ4E2005715,Judd Apatow,52.893,67.893,15,The_Ferry__Michael Andrews_Nosaj Thing_The_King_Of_Staten_Island_sample_2.mp3,27.729,42.729,15
Running,Jung Jaeil,Broker,2022,Comedy Crime Drama,01:10,0,2.8,44.1,0,KRA492200531,Hirokazu Koreeda,15.737,30.737,15,Running__Jung_Jaeil_Broker_sample_2.mp3,11.08,26.08,15
Sgt. Pepper Shoelaces,Randy Newman,Marriage Story,2019,Drama Romance,01:07,0,2.7,44.1,0,QZ8BZ1900444,Noah Baumbach,41.547,56.547,15,Sgt._Pepper_Shoelaces_Randy_Newman_Marriage_Story_sample_2.mp3,11.969,26.969,15
La Borinqueña (Sharks Version),"Félix Astol Artés, Lola Rodríguez de Tió, David Newman, Matt Sullivan, Jeanine Tesori",West Side Story,2021,Crime Drama Musical,01:06,0/1,2.8,44.1,0,USHR12142266,Steven Spielberg,1.112,16.112,15,"David_Alvarez,_Sharks_-_La_Borinqueña_Félix_Astol_Artés,_Lola_Rodríguez_de_Tió,_David_Newman,_Matt_Sullivan,_Jeanine_Tesori_West_Side_Story_sample_2.mp3",10.111,25.111,15
Spotlight,Howard Shore,Spotlight,2015,Biography Crime Drama,01:04,0,2.7,48,0,USSKB1521001,Tom McCarthy,2.318,17.318,15,Spotlight_Howard_Shore_sample_2.mp3,35.838,50.838,15
Beach Puke,Jim Williams,Titane,2022,Drama Horror Sci-Fi,01:04,0,2.6,44.1,0,USQX92103062,Julia Ducournau,25.403,40.403,15,Beach_Puke__Jim_Williams_Titane_sample_2.mp3,32.519,47.519,15
Laurie and Jo on the Hill,Alexandre Desplat,Little Women,2019,"Drama, Romance",01:02,0,2.5,44.1,0,US4DG1900516,Greta Gerwig,38.886,53.886,15,Little_Women_-_Alexandre _desplat_-_Laurie_and_Jo_on_the_Hill_sample_2.mp3,43.937,58.937,15
Main Theme,Terence Blanchard,BlacKkKlansman,2018,Biography Crime Comedy,01:02,0,2.5,44.1,0,USQ4E1803851,Spike Lee,1.41,16.41,15,Main_Theme_Terence_Blanchard_BlacKkKlansman_sample_2.mp3,7.955,22.955,15
Into The Spider-Verse,Daniel Pemberton,Spider-Man: Into the Spider-Verse,2018,Animation Action Adventure,01:00,0,0.957,48,0,US4DG1801161,"Bob Persichetti, Peter Ramsey, Rodney Rothman",13.379,28.379,15,Into_the_Spider-Verse_Daniel_Pemberton_sample_2.mp3,25.962,40.962,15
Walter Time,"Theodore Shapiro, José González, Mark Graham",The Secret Life of Walter Mitty,2013,Adventure Comedy Drama,01:00,0,2.4,44.1,0,USSM11307316,Ben Stiller,17.434,32.434,15,"Walter_Time_Theodore_Shapiro,_José_González,_Mark_Graham_The_Secret_Life_of_Walter_Mitty_sample_2.mp3",42.163,57.163,15
Jimmy Enters Store,"Mark Isham, Gavin Christopher Tennille, Craig Harris, Chris Keys, Christian Grey DeVivo",Judas and the Black Messiah,2021,Biography Drama History,00:58,0,2.3,44.1,0,USNLR2100131,Shaka King,16.117,31.117,15,Judas_and_the_Black_Messiah_Jimmy_Enters_Store_-_Mark_Isham_&_Craig_Harris_sample_2.mp3,17.804,32.804,15
Thanksgiving in Sacramento,Jon Brion,Lady Bird,2017,Comedy Drama,00:51,0,1.9,44.1,0,USLS51713009,Greta Gerwig,0.226,15.226,15,Thanksgiving_in_Sacramento_Jon_Brion_Lady_Bird_sample_2.mp3,23.927,38.927,15
Trapped Air,Aaron Cupples,Island of the Hungry Ghosts,2018,Documentary,00:47,0,1.9,44.1,0,QMB622011005,Gabrielle Brady,18.184,33.184,15,Trapped_Air__Aaron_Cupples_Island_of_the_Hungry_Ghosts_sample_2.mp3,25.798,40.798,15
I Could Show You Off If You'd Like,Hans Zimmer,Rush,2013,Action Biography Drama,00:45,0,1.8,44.1,0,USNLR1300503,Ron Howard,20.446,35.446,15,I_Could_Show_You_If_You'd_Like_Hans_Zimmer_Rush_sample_2.mp3,21.632,36.632,15
La Puntura Della Morte,Ennio Morricone,The Hateful Eight,2015,Crime Drama Mystery,00:28,0,1.1,44.1,0,GBUM71507246,Quentin Tarantino,10.075,25.075,15,La_Puntura_Della_Morte_Ennio_Morricone__The_Hateful_Eight_sample_2.mp3,1.2,16.2,15