participant-ID,age,formative-years,gender,nationality,occupation,attentiveMusic,casualMusic,musicYears,musicSinger,musicMistakes,musicDifferences,musicOutOfTime,musicOutOfTune,musicMusician,musicProduction,musicImportance,musicActivities,musicAddiction,musicNewMusic,musicSearch,musicGenre,musicEvoke,musicMemories,musicShiver,musicExcite,musicTalk
_0sca4vavd,25-34,UK,female,british,university,2-4 hrs,4+ hrs,1-2,strongly-agree,mostly-agree,mostly-agree,sort-of-agree,mostly-agree,sort-of-agree,strongly-agree,10,strongly-agree,strongly-agree,strongly-agree,strongly-agree,folk rock,strongly-disagree,strongly-agree,strongly-agree,sort-of-agree,mostly-agree
_14q3qbw23,18-24,England,Male,British,full-time-employment,30-60,1-2hrs,6-10,mostly-agree,mostly-agree,strongly-agree,mostly-agree,mostly-agree,sort-of-agree,mostly-agree,9,mostly-agree,not-sure,sort-of-agree,strongly-agree,Alternative Rock/Metal,strongly-disagree,strongly-agree,mostly-agree,mostly-agree,mostly-agree
_19x1mwtfx,45-54,England,Female,British,part-time-employment,15-30,30-60,2-4,mostly-agree,mostly-agree,strongly-agree,strongly-agree,strongly-agree,strongly-disagree,mostly-agree,7,sort-of-disagree,sort-of-disagree,sort-of-disagree,sort-of-agree,Indie rock,sort-of-disagree,sort-of-agree,mostly-agree,sort-of-agree,not-sure
_1cpqpmytm,25-34,Mexico,female,Mexican,university,1-2hrs,4+ hrs,6-10,strongly-agree,strongly-disagree,strongly-agree,strongly-agree,strongly-agree,mostly-agree,strongly-disagree,9,mostly-agree,mostly-agree,mostly-agree,mostly-agree,metal,strongly-disagree,strongly-agree,strongly-agree,mostly-agree,mostly-agree
_1d30ek8wn,25-34,italy,female,italian,university,15-30,1-2hrs,1-2,mostly-agree,sort-of-agree,sort-of-agree,sort-of-agree,sort-of-agree,sort-of-disagree,not-sure,8,sort-of-agree,sort-of-agree,sort-of-agree,sort-of-agree,electronic,mostly-agree,sort-of-agree,mostly-agree,mostly-agree,mostly-agree
_1ke6z3ygs,25-34,UK,Female,British,full-time-employment,0-15,0-15,0-1,sort-of-agree,sort-of-disagree,not-sure,sort-of-agree,not-sure,strongly-disagree,strongly-disagree,3,mostly-agree,mostly-agree,mostly-agree,strongly-disagree,Indie rock,sort-of-disagree,strongly-agree,mostly-agree,sort-of-agree,sort-of-disagree
_265vz9td6,65,Scotland,Female,British,retired,0-15,30-60,0-1,not-sure,not-sure,sort-of-disagree,mostly-agree,mostly-agree,strongly-disagree,strongly-disagree,10,not-sure,not-sure,strongly-disagree,not-sure,Pop,strongly-disagree,strongly-agree,not-sure,sort-of-agree,mostly-agree
_33t5p3vux,18-24,UK,Female,British,university,0-15,15-30,0-1,not-sure,mostly-agree,sort-of-disagree,sort-of-agree,sort-of-agree,strongly-disagree,strongly-disagree,5,strongly-disagree,strongly-disagree,mostly-agree,sort-of-agree,Pop,strongly-disagree,strongly-agree,sort-of-agree,sort-of-agree,sort-of-agree
_3g7glzy1o,25-34,UK,Male,British,university,2-4 hrs,1-2hrs,0-1,mostly-agree,sort-of-disagree,mostly-agree,strongly-agree,sort-of-disagree,strongly-disagree,strongly-disagree,10,strongly-agree,strongly-agree,strongly-agree,strongly-agree,Rock,sort-of-disagree,mostly-agree,mostly-agree,sort-of-disagree,sort-of-disagree
_57v8oow2l,25-34,China,Male,Chinese/Singaporean,university,30-60,30-60,6-10,mostly-agree,strongly-disagree,strongly-agree,mostly-agree,strongly-agree,mostly-agree,mostly-agree,10,strongly-agree,strongly-agree,sort-of-agree,strongly-agree,"Jazz, RocknRoll, Country, Blues",strongly-disagree,mostly-agree,mostly-agree,sort-of-agree,not-sure
_5wyte9tjg,25-34,China,Male,Chinese,university,2-4 hrs,4+ hrs,4-6,mostly-agree,mostly-agree,strongly-agree,strongly-agree,strongly-agree,mostly-agree,strongly-agree,10,mostly-agree,strongly-disagree,mostly-agree,strongly-agree,Rock,strongly-disagree,strongly-agree,mostly-agree,strongly-agree,strongly-agree
_68v3ai68u,45-54,Spain,female,Spanish,full-time-employment,4+ hrs,2-4 hrs,10,strongly-agree,strongly-disagree,strongly-agree,strongly-agree,strongly-agree,sort-of-agree,strongly-agree,10,strongly-agree,sort-of-agree,sort-of-agree,strongly-agree,"Funk, rock, alternative and classic...",strongly-disagree,strongly-agree,mostly-agree,strongly-agree,strongly-agree
_6pyclh0uk,55-64,England,Personal,British,full-time-employment,2-4 hrs,4+ hrs,10,mostly-agree,mostly-agree,mostly-agree,strongly-agree,mostly-agree,strongly-agree,strongly-agree,10,mostly-agree,mostly-agree,mostly-agree,mostly-agree,everything.  Apart from Country and death metal,mostly-agree,mostly-agree,mostly-agree,mostly-agree,sort-of-agree
_712wd9nfj,18-24,UK,Female,British,full-time-employment,0-15,30-60,0-1,sort-of-agree,sort-of-disagree,mostly-agree,mostly-agree,mostly-agree,strongly-disagree,strongly-disagree,6,mostly-agree,not-sure,sort-of-agree,sort-of-disagree,indie soul,sort-of-disagree,mostly-agree,mostly-agree,mostly-agree,mostly-agree
_7jm0obbi1,25-34,United Kingdom,Female,British/Swiss,full-time-employment,0-15,15-30,2-4,mostly-agree,mostly-agree,strongly-agree,mostly-agree,mostly-agree,strongly-disagree,mostly-agree,6,sort-of-disagree,not-sure,mostly-agree,sort-of-agree,Country or Soul,mostly-agree,strongly-disagree,sort-of-agree,mostly-agree,sort-of-agree
_7twr1orir,25-34,,,,university,1-2hrs,2-4 hrs,4-6,mostly-agree,mostly-agree,mostly-agree,mostly-agree,mostly-agree,mostly-agree,sort-of-agree,8,sort-of-agree,mostly-agree,sort-of-agree,sort-of-agree,na,sort-of-disagree,mostly-agree,sort-of-agree,mostly-agree,mostly-agree
_87gyh97l5,18-24,China,female,China,university,0-15,15-30,4-6,sort-of-agree,mostly-agree,mostly-agree,sort-of-agree,sort-of-agree,mostly-agree,sort-of-agree,10,mostly-agree,mostly-agree,mostly-agree,mostly-agree,rock,mostly-agree,mostly-agree,mostly-agree,mostly-agree,mostly-agree
_8x1wc3nr6,45-54,UK,Female,British,full-time-parent,15-30,1-2hrs,6-10,mostly-agree,sort-of-disagree,strongly-agree,strongly-agree,strongly-agree,not-sure,mostly-agree,7,sort-of-disagree,sort-of-agree,not-sure,sort-of-disagree,Indie Jazz,mostly-agree,sort-of-agree,sort-of-agree,sort-of-agree,sort-of-agree
_8yvh3dx5e,25-34,England,Female,British,full-time-employment,15-30,15-30,6-10,sort-of-agree,sort-of-disagree,strongly-agree,strongly-agree,strongly-agree,not-sure,strongly-disagree,9,strongly-agree,mostly-agree,sort-of-agree,sort-of-disagree,downtempo,sort-of-disagree,strongly-agree,sort-of-agree,strongly-agree,sort-of-agree
_927wmmd5y,18-24,UK,Female/non-binary,British,part-time-employment,15-30,1-2hrs,0-1,strongly-agree,strongly-disagree,mostly-agree,mostly-agree,mostly-agree,not-sure,strongly-disagree,10,sort-of-agree,mostly-agree,mostly-agree,sort-of-disagree,Hip-hop,strongly-disagree,strongly-agree,sort-of-agree,strongly-agree,mostly-agree
_92wls1kek,25-34,United Kingdom,He/Him,British,self-employment,4+ hrs,4+ hrs,10,strongly-agree,strongly-disagree,strongly-agree,strongly-agree,strongly-agree,strongly-agree,strongly-agree,10,strongly-agree,strongly-agree,strongly-agree,strongly-agree,Art,strongly-disagree,strongly-agree,strongly-agree,strongly-agree,strongly-agree
_9j47al7db,25-34,China and UK,Male,Chinese,at-school,30-60,4+ hrs,2-4,strongly-agree,strongly-disagree,strongly-agree,strongly-agree,strongly-agree,sort-of-agree,strongly-agree,10,strongly-agree,strongly-agree,strongly-agree,strongly-agree,"Rock,Pop",strongly-agree,strongly-agree,strongly-agree,strongly-agree,strongly-agree
_9w25vtbrx,25-34,Portugal,Male,Portuguese,university,30-60,2-4 hrs,10,strongly-agree,mostly-agree,mostly-agree,strongly-agree,strongly-agree,mostly-agree,mostly-agree,10,strongly-agree,strongly-agree,strongly-agree,strongly-agree,Metal,strongly-disagree,strongly-agree,sort-of-agree,mostly-agree,strongly-agree
_afqhhj8is,35-44,France,male,French,full-time-employment,15-30,1-2hrs,2-4,strongly-agree,strongly-disagree,strongly-agree,most-agree,strongly-agree,sort-of-agree,strongly-agree,10,mostly-agree,mostly-agree,sort-of-disagree,strongly-agree,black metal,mostly-agree,strongly-agree,strongly-agree,strongly-agree,strongly-agree
_aitz8t13k,25-34,United Kingdom,Male,British,university,0-15,2-4 hrs,0-1,sort-of-agree,mostly-agree,sort-of-disagree,sort-of-disagree,sort-of-agree,strongly-disagree,strongly-disagree,8,strongly-disagree,mostly-agree,sort-of-agree,sort-of-disagree,Indie,strongly-disagree,sort-of-agree,mostly-agree,mostly-agree,mostly-agree
_awgetcubd,25-34,UNITED KINGDOM,Female,British,full-time-employment,0-15,0-15,0-1,sort-of-agree,sort-of-agree,not-sure,sort-of-agree,sort-of-agree,strongly-disagree,strongly-disagree,4,mostly-agree,mostly-agree,sort-of-disagree,strongly-disagree,Indie rock,mostly-agree,strongly-agree,sort-of-agree,mostly-agree,sort-of-disagree
_b8vl4l7fq,18-24,England,,British,university,2-4 hrs,4+ hrs,0-1,mostly-agree,mostly-agree,strongly-agree,strongly-agree,strongly-agree,strongly-disagree,mostly-agree,10,strongly-agree,strongly-agree,strongly-agree,strongly-agree,Abstract hip hop,strongly-disagree,strongly-agree,strongly-agree,strongly-agree,strongly-agree
_bwzbudqq0,65,United States,male,USA,other,4+ hrs,0-15,10,strongly-agree,strongly-disagree,strongly-agree,strongly-agree,strongly-agree,strongly-agree,mostly-agree,10,strongly-disagree,mostly-agree,strongly-agree,strongly-agree,variety,mostly-agree,strongly-agree,not-sure,mostly-agree,mostly-agree
_c0ghyfm7p,25-34,MEXICO,FEMALE,MEXICAN,university,0-15,1-2hrs,0-1,mostly-agree,sort-of-agree,sort-of-disagree,most-agree,mostly-agree,mostly-agree,strongly-disagree,8,sort-of-disagree,mostly-agree,mostly-agree,mostly-agree,POP,sort-of-disagree,mostly-agree,sort-of-disagree,strongly-agree,mostly-agree
_c1j1i459h,25-34,UK,Male,British,full-time-employment,0-15,2-4 hrs,6-10,strongly-agree,mostly-agree,strongly-agree,strongly-agree,strongly-agree,strongly-agree,strongly-agree,10,mostly-agree,mostly-agree,mostly-agree,mostly-agree,Electronic,strongly-disagree,mostly-agree,strongly-agree,strongly-agree,strongly-agree
_c30bxpudl,25-34,"MEXICO, CANADA",FEMALE,MEXICAN,full-time-employment,30-60,0-15,4-6,mostly-agree,sort-of-disagree,mostly-agree,sort-of-agree,sort-of-agree,mostly-agree,mostly-agree,8,mostly-agree,not-sure,mostly-agree,sort-of-agree,POP,strongly-disagree,strongly-agree,mostly-agree,strongly-agree,strongly-agree
_d04p09w3u,45-54,United Kingdom,Female,British,self-employment,2-4 hrs,15-30,10,strongly-agree,strongly-disagree,strongly-agree,strongly-agree,strongly-agree,strongly-agree,sort-of-agree,10,not-sure,sort-of-agree,mostly-agree,mostly-agree,All,mostly-agree,strongly-agree,sort-of-agree,mostly-agree,strongly-agree
_d7gofvkcw,45-54,Italy and England,male,Italian,part-time-employment,1-2hrs,0-15,10,strongly-agree,strongly-disagree,strongly-agree,strongly-agree,strongly-agree,mostly-agree,strongly-disagree,10,sort-of-agree,strongly-agree,mostly-agree,strongly-agree,Early/Classical Contemporary,strongly-disagree,strongly-agree,not-sure,sort-of-agree,strongly-agree
_dnrbxc2fc,18-24,Ukraine,Female,Ukrainian,other,15-30,2-4 hrs,0-1,mostly-agree,sort-of-disagree,strongly-agree,sort-of-agree,strongly-agree,not-sure,sort-of-disagree,10,mostly-agree,strongly-agree,strongly-agree,sort-of-agree,pop,strongly-disagree,strongly-agree,strongly-agree,strongly-agree,strongly-agree
_dt5q0y2tq,25-34,England,Male,British,full-time-employment,1-2hrs,4+ hrs,2-4,sort-of-agree,sort-of-agree,mostly-agree,sort-of-agree,not-sure,mostly-agree,mostly-agree,7,sort-of-disagree,sort-of-disagree,sort-of-agree,sort-of-disagree,Indie,not-sure,strongly-agree,sort-of-disagree,sort-of-agree,sort-of-disagree
_edx1s71ct,25-34,UK,Male,British,full-time-employment,30-60,2-4 hrs,1-2,mostly-agree,sort-of-disagree,mostly-agree,sort-of-agree,sort-of-agree,mostly-agree,strongly-disagree,7,mostly-agree,sort-of-agree,mostly-agree,sort-of-disagree,Indie pop,sort-of-disagree,strongly-agree,sort-of-agree,mostly-agree,mostly-agree
_eju6op5qu,25-34,England (boo),Female,British,full-time-employment,30-60,4+ hrs,0-1,sort-of-agree,sort-of-agree,mostly-agree,sort-of-agree,sort-of-agree,strongly-disagree,mostly-agree,10,strongly-agree,strongly-agree,strongly-agree,strongly-agree,current is jazz house,mostly-agree,strongly-agree,sort-of-agree,strongly-agree,strongly-agree
_fnqpb5bv8,25-34,Britian,Male,British,full-time-employment,0-15,30-60,6-10,mostly-agree,mostly-agree,mostly-agree,mostly-agree,mostly-agree,mostly-agree,strongly-disagree,8,sort-of-disagree,sort-of-agree,sort-of-agree,sort-of-disagree,Folk,strongly-disagree,mostly-agree,mostly-agree,sort-of-agree,mostly-agree
_gaytybwu4,25-34,Wales,Female,British,full-time-employment,30-60,2-4 hrs,0-1,sort-of-agree,mostly-agree,sort-of-agree,most-agree,mostly-agree,strongly-disagree,sort-of-disagree,10,mostly-agree,strongly-agree,mostly-agree,sort-of-agree,House!!! (but also jazz house and more chilled vibes),strongly-disagree,strongly-agree,sort-of-agree,strongly-agree,mostly-agree
_hkwu0v6ct,25-34,England,Masculine,Mexican,university,0-15,1-2hrs,0-1,sort-of-agree,sort-of-agree,mostly-agree,not-sure,sort-of-disagree,mostly-agree,strongly-disagree,7,not-sure,mostly-agree,sort-of-disagree,sort-of-disagree,rock and roll,strongly-disagree,strongly-agree,mostly-agree,mostly-agree,mostly-agree
_houaqiz8i,25-34,United Kingdom,Male,British,university,2-4 hrs,4+ hrs,6-10,sort-of-agree,mostly-agree,strongly-agree,strongly-agree,strongly-agree,not-sure,sort-of-agree,10,strongly-agree,strongly-agree,strongly-agree,strongly-agree,Rock,strongly-disagree,strongly-agree,not-sure,mostly-agree,mostly-agree
_i8tjackqh,18-24,Chinese,Female,Chinese,university,30-60,15-30,4-6,mostly-agree,mostly-agree,sort-of-agree,mostly-agree,mostly-agree,not-sure,mostly-agree,10,mostly-agree,mostly-agree,sort-of-agree,mostly-agree,Pop music,strongly-disagree,strongly-agree,strongly-agree,strongly-agree,strongly-agree
_ifyndni2c,25-34,England,Female,British,self-employment,0-15,2-4 hrs,0-1,sort-of-agree,mostly-agree,mostly-agree,most-agree,sort-of-disagree,strongly-disagree,strongly-disagree,7,mostly-agree,sort-of-agree,sort-of-disagree,sort-of-disagree,indie,mostly-agree,strongly-agree,strongly-agree,mostly-agree,strongly-agree
_iwnx3dty6,18-24,UK,Female/non-binary,British,part-time-employment,15-30,30-60,0-1,mostly-agree,sort-of-disagree,sort-of-agree,strongly-agree,strongly-agree,sort-of-agree,strongly-disagree,10,sort-of-agree,strongly-agree,mostly-agree,sort-of-disagree,Hip-hop,strongly-disagree,strongly-agree,mostly-agree,mostly-agree,sort-of-agree
_iyiy9r19k,35-44,Germany,male,German,other,0-15,0-15,2-4,mostly-agree,mostly-agree,strongly-agree,mostly-agree,mostly-agree,strongly-disagree,strongly-disagree,5,strongly-disagree,mostly-agree,sort-of-disagree,sort-of-disagree,dark wave,strongly-disagree,strongly-agree,sort-of-agree,sort-of-disagree,strongly-agree
_j1fs1s29c,18-24,England,Female,British,part-time-employment,1-2hrs,4+ hrs,6-10,mostly-agree,sort-of-disagree,strongly-agree,mostly-agree,mostly-agree,mostly-agree,strongly-disagree,10,sort-of-agree,strongly-agree,strongly-agree,strongly-agree,alternative,mostly-agree,strongly-agree,sort-of-agree,mostly-agree,mostly-agree
_kkir0atz9,35-44,Canada,Male,Canadian,other,15-30,0-15,10,mostly-agree,strongly-disagree,strongly-agree,strongly-agree,strongly-agree,strongly-agree,strongly-agree,10,strongly-agree,mostly-agree,strongly-disagree,mostly-agree,Funk,strongly-disagree,strongly-agree,strongly-agree,not-sure,strongly-agree
_krp251jqe,25-34,UK,Male,British,university,0-15,0-15,1-2,not-sure,sort-of-agree,not-sure,most-agree,mostly-agree,strongly-disagree,strongly-disagree,8,sort-of-disagree,not-sure,strongly-agree,not-sure,Dance,mostly-agree,mostly-agree,sort-of-agree,strongly-agree,sort-of-agree
_l13lrys4u,25-34,United Kingdom,Female,British,full-time-employment,15-30,4+ hrs,0-1,mostly-agree,sort-of-disagree,mostly-agree,mostly-agree,mostly-agree,strongly-disagree,strongly-disagree,10,sort-of-disagree,strongly-agree,sort-of-agree,not-sure,Jazz hip hop,sort-of-disagree,strongly-agree,strongly-agree,strongly-agree,sort-of-agree
_lar3r139u,25-34,england,female,english,full-time-employment,0-15,30-60,0-1,sort-of-agree,not-sure,mostly-agree,sort-of-agree,sort-of-agree,strongly-disagree,strongly-disagree,9,sort-of-agree,mostly-agree,mostly-agree,strongly-agree,pop,mostly-agree,strongly-agree,not-sure,strongly-agree,strongly-agree
_lvnhd664l,55-64,England,Male,British,full-time-employment,15-30,30-60,0-1,mostly-agree,mostly-agree,not-sure,sort-of-disagree,not-sure,strongly-disagree,sort-of-disagree,9,sort-of-agree,mostly-agree,mostly-agree,mostly-agree,Varied - independent?,strongly-disagree,strongly-agree,mostly-agree,mostly-agree,mostly-agree
_mbznndod0,55-64,England,Female,Bristish,part-time-employment,0-15,0-15,1-2,mostly-agree,sort-of-disagree,sort-of-agree,mostly-agree,mostly-agree,mostly-agree,strongly-disagree,7,mostly-agree,sort-of-agree,mostly-agree,mostly-agree,Dance music,mostly-agree,sort-of-agree,mostly-agree,sort-of-agree,mostly-agree
_mw14wekne,25-34,France,Female,French,full-time-employment,15-30,15-30,10,sort-of-agree,mostly-agree,mostly-agree,mostly-agree,mostly-agree,strongly-agree,mostly-agree,8,sort-of-agree,sort-of-agree,sort-of-disagree,sort-of-disagree,Pop,mostly-agree,sort-of-agree,mostly-agree,strongly-agree,mostly-agree
_n7kwxb5sp,55-64,United Kingdom,male,British,part-time-employment,30-60,1-2hrs,10,strongly-agree,strongly-disagree,mostly-agree,strongly-agree,strongly-agree,mostly-agree,mostly-agree,10,mostly-agree,not-sure,sort-of-agree,mostly-agree,Choral,strongly-disagree,strongly-agree,mostly-agree,mostly-agree,strongly-agree
_ni2zvgszb,18-24,England,Male,Irish,full-time-employment,1-2hrs,2-4 hrs,6-10,not-sure,not-sure,mostly-agree,mostly-agree,mostly-agree,mostly-agree,mostly-agree,10,strongly-agree,strongly-agree,strongly-agree,strongly-agree,Electronic,strongly-disagree,strongly-agree,strongly-agree,strongly-agree,strongly-agree
_o8em397t4,25-34,england,male,british,full-time-employment,1-2hrs,4+ hrs,1-2,mostly-agree,strongly-disagree,sort-of-agree,strongly-agree,strongly-agree,sort-of-agree,strongly-agree,10,mostly-agree,strongly-agree,strongly-agree,strongly-agree,electronic,strongly-disagree,strongly-agree,mostly-agree,strongly-agree,strongly-agree
_ofa08nv3d,18-24,France,Cis Man,French,university,2-4 hrs,4+ hrs,6-10,strongly-agree,mostly-agree,strongly-agree,strongly-agree,strongly-agree,strongly-agree,strongly-agree,9,mostly-agree,mostly-agree,mostly-agree,mostly-agree,RnB,strongly-disagree,mostly-agree,sort-of-agree,mostly-agree,mostly-agree
_oz57j9nkn,35-44,Enhgland,Male,British,full-time-employment,0-15,1-2hrs,6-10,sort-of-agree,mostly-agree,mostly-agree,strongly-agree,strongly-agree,not-sure,mostly-agree,8,not-sure,mostly-agree,sort-of-agree,mostly-agree,Pop Rock,sort-of-disagree,strongly-agree,not-sure,strongly-agree,mostly-agree
_p2k6xo9mj,25-34,England,Female,British,university,0-15,1-2hrs,1-2,sort-of-agree,sort-of-disagree,sort-of-agree,sort-of-agree,mostly-agree,strongly-disagree,strongly-disagree,7,sort-of-disagree,sort-of-agree,sort-of-agree,sort-of-disagree,Alternative / Indie,sort-of-disagree,mostly-agree,sort-of-agree,mostly-agree,sort-of-agree
_p44ad1wtv,25-34,Belgium,Male,Belgian,university,30-60,2-4 hrs,10,mostly-agree,mostly-agree,strongly-agree,strongly-agree,mostly-agree,strongly-agree,sort-of-disagree,10,mostly-agree,strongly-agree,strongly-agree,strongly-agree,Alternative music,strongly-disagree,strongly-agree,strongly-agree,strongly-agree,strongly-agree
_pzsnt1bjf,25-34,england,male,brritish,part-time-employment,1-2hrs,2-4 hrs,1-2,mostly-agree,mostly-agree,mostly-agree,strongly-agree,mostly-agree,mostly-agree,not-sure,10,strongly-agree,strongly-agree,strongly-agree,strongly-agree,rock,strongly-disagree,strongly-agree,strongly-agree,strongly-agree,sort-of-agree
_q1wrowbzf,18-24,united kingdom,male,british,full-time-employment,30-60,1-2hrs,6-10,mostly-agree,sort-of-disagree,sort-of-agree,mostly-agree,mostly-agree,mostly-agree,strongly-agree,9,mostly-agree,mostly-agree,sort-of-agree,sort-of-agree,indie rock,strongly-disagree,strongly-agree,mostly-agree,mostly-agree,mostly-agree
_q51241jcy,25-34,United Kingdom,Female,British,other,30-60,1-2hrs,6-10,sort-of-agree,sort-of-agree,not-sure,sort-of-disagree,sort-of-agree,sort-of-agree,strongly-disagree,9,sort-of-agree,strongly-agree,sort-of-disagree,sort-of-agree,Indie Rock,sort-of-disagree,mostly-agree,mostly-agree,mostly-agree,sort-of-agree
_qbyljwcqe,55-64,UK,Male,British,full-time-employment,0-15,30-60,0-1,not-sure,sort-of-disagree,sort-of-agree,sort-of-disagree,not-sure,strongly-disagree,strongly-disagree,6,sort-of-disagree,sort-of-disagree,sort-of-agree,not-sure,female vocals & rock groups,sort-of-disagree,strongly-agree,mostly-agree,sort-of-agree,not-sure
_qc4a4j60i,25-34,United Kingdom,Female,British,full-time-employment,30-60,4+ hrs,0-1,mostly-agree,mostly-agree,sort-of-agree,mostly-agree,mostly-agree,strongly-disagree,strongly-disagree,9,strongly-agree,strongly-agree,strongly-agree,mostly-agree,Jazz hip hop,mostly-agree,strongly-agree,mostly-agree,strongly-agree,mostly-agree
_qibqxzg21,55-64,UK,Female,British,other,0-15,30-60,0-1,sort-of-agree,mostly-agree,strongly-disagree,sort-of-agree,not-sure,strongly-disagree,strongly-disagree,7,mostly-agree,strongly-disagree,not-sure,not-sure,Inde pop dance,mostly-agree,strongly-agree,mostly-agree,mostly-agree,sort-of-agree
_qrc1rvm7l,25-34,Mexico,Femenin,mexican,part-time-employment,2-4 hrs,1-2hrs,0-1,sort-of-agree,not-sure,not-sure,sort-of-agree,sort-of-agree,mostly-agree,mostly-agree,9,sort-of-agree,sort-of-agree,mostly-agree,mostly-agree,Pop,strongly-disagree,strongly-agree,mostly-agree,sort-of-agree,sort-of-agree
_r0mxya6ht,35-44,England,Female,British Cypriot,self-employment,15-30,2-4 hrs,10,strongly-agree,strongly-disagree,strongly-agree,strongly-agree,strongly-agree,not-sure,mostly-agree,10,sort-of-disagree,sort-of-agree,strongly-agree,sort-of-agree,Rock,strongly-disagree,mostly-agree,strongly-agree,sort-of-agree,strongly-agree
_r2lvjm6vr,25-34,Italy,Female,Caucasian,university,30-60,1-2hrs,1-2,sort-of-agree,mostly-agree,not-sure,sort-of-agree,mostly-agree,strongly-disagree,strongly-disagree,10,strongly-agree,strongly-agree,strongly-agree,strongly-agree,Rock,strongly-disagree,strongly-agree,mostly-agree,mostly-agree,strongly-agree
_rdash7p86,25-34,UK,female,Belarusian ,self-employment,0-15,15-30,10,mostly-agree,strongly-disagree,strongly-agree,strongly-agree,strongly-agree,strongly-agree,mostly-agree,10,mostly-agree,strongly-agree,not-sure,mostly-agree,classical,strongly-agree,strongly-agree,strongly-agree,strongly-agree,mostly-agree
_rhl53olmi,18-24,China,Female,China,university,30-60,1-2hrs,6-10,mostly-agree,strongly-disagree,strongly-agree,strongly-agree,strongly-agree,strongly-agree,strongly-agree,8,mostly-agree,mostly-agree,mostly-agree,mostly-agree,chiptune,strongly-disagree,strongly-agree,strongly-agree,mostly-agree,strongly-agree
_rj8z3xg2s,55-64,England,Male,English,full-time-employment,0-15,0-15,10,mostly-agree,strongly-disagree,strongly-agree,strongly-agree,strongly-agree,not-sure,strongly-disagree,9,mostly-agree,strongly-agree,mostly-agree,sort-of-agree,old,strongly-disagree,strongly-agree,mostly-agree,strongly-agree,mostly-agree
_rvw0xo7f6,25-34,United Kingdom,Female,British,full-time-employment,2-4 hrs,4+ hrs,2-4,mostly-agree,sort-of-disagree,mostly-agree,mostly-agree,mostly-agree,mostly-agree,strongly-disagree,10,strongly-agree,strongly-agree,strongly-agree,strongly-agree,Deep soulful bassey beats,strongly-disagree,strongly-agree,mostly-agree,strongly-agree,mostly-agree
_rx3zg1xlm,65,England,Male,BRITISH,retired,0-15,30-60,10,mostly-agree,mostly-agree,strongly-agree,mostly-agree,mostly-agree,strongly-agree,mostly-agree,10,mostly-agree,strongly-agree,not-sure,strongly-agree,classical,sort-of-disagree,sort-of-agree,sort-of-agree,mostly-agree,mostly-agree
_s40nqv0su,45-54,Finland,female,Finnish,other,15-30,1-2hrs,10,sort-of-agree,sort-of-disagree,mostly-agree,mostly-agree,mostly-agree,mostly-agree,mostly-agree,9,sort-of-agree,sort-of-agree,sort-of-agree,mostly-agree,classical,mostly-agree,mostly-agree,mostly-agree,mostly-agree,mostly-agree
_scpesqyax,25-34,UK,female,British,university,15-30,2-4 hrs,1-2,mostly-agree,mostly-agree,sort-of-agree,mostly-agree,sort-of-agree,mostly-agree,strongly-disagree,8,sort-of-agree,strongly-agree,mostly-agree,mostly-agree,indie rock,sort-of-disagree,strongly-agree,sort-of-agree,mostly-agree,mostly-agree
_shlbpalpg,45-54,UK,Female,British,full-time-employment,1-2hrs,4+ hrs,10,strongly-agree,strongly-disagree,strongly-agree,strongly-agree,strongly-agree,mostly-agree,strongly-agree,9,mostly-agree,sort-of-agree,strongly-agree,mostly-agree,Dance Funk Disco Jazz Folk House World,sort-of-disagree,strongly-agree,not-sure,mostly-agree,strongly-agree
_ske6mg95q,35-44,UK,Male,British,university,30-60,0-15,10,strongly-agree,mostly-agree,mostly-agree,strongly-agree,strongly-agree,strongly-agree,strongly-agree,8,mostly-agree,not-sure,sort-of-disagree,mostly-agree,Jazz,not-sure,sort-of-disagree,sort-of-disagree,sort-of-agree,sort-of-disagree
_st9bg0a3j,18-24,United Kingdom,Male,British,full-time-employment,0-15,30-60,2-4,strongly-agree,strongly-disagree,mostly-agree,strongly-agree,strongly-agree,mostly-agree,strongly-agree,6,mostly-agree,mostly-agree,mostly-agree,sort-of-disagree,Rap,mostly-agree,strongly-agree,sort-of-agree,mostly-agree,sort-of-agree
_tfeqmfp3y,25-34,Croatia,female,Croatian,part-time-employment,30-60,2-4 hrs,10,mostly-agree,mostly-agree,mostly-agree,mostly-agree,mostly-agree,mostly-agree,sort-of-agree,10,mostly-agree,strongly-agree,mostly-agree,mostly-agree,"classical, rock",mostly-agree,strongly-agree,strongly-agree,strongly-agree,strongly-agree
_tl8d0vzsi,25-34,England,Male,Black British ,full-time-employment,0-15,1-2hrs,0-1,sort-of-agree,mostly-agree,mostly-agree,mostly-agree,not-sure,strongly-disagree,sort-of-disagree,8,not-sure,strongly-agree,strongly-agree,sort-of-agree,Hip Hop,mostly-agree,strongly-agree,mostly-agree,strongly-agree,strongly-agree
_tsv6kmv5k,55-64,UK,Male,UK,part-time-employment,2-4 hrs,1-2hrs,10,strongly-agree,strongly-disagree,strongly-agree,strongly-agree,strongly-agree,strongly-agree,strongly-agree,10,strongly-agree,strongly-agree,strongly-agree,mostly-agree,Alternative,strongly-disagree,strongly-agree,strongly-agree,mostly-agree,strongly-agree
_twp7r8zvn,18-24,India,Male,Indian,university,15-30,1-2hrs,0-1,sort-of-agree,sort-of-disagree,sort-of-agree,mostly-agree,mostly-agree,sort-of-disagree,sort-of-agree,7,mostly-agree,not-sure,strongly-agree,sort-of-agree,J-pop,strongly-disagree,mostly-agree,sort-of-disagree,mostly-agree,strongly-agree
_uwmh6xcmj,25-34,England,Female,White British,university,2-4 hrs,4+ hrs,10,strongly-agree,strongly-disagree,strongly-agree,strongly-agree,strongly-agree,strongly-agree,mostly-agree,10,strongly-agree,strongly-agree,strongly-agree,strongly-agree,Indie/Classical,strongly-disagree,strongly-agree,strongly-agree,strongly-agree,strongly-agree
_videinyf6,25-34,Mexico,female,mexican,university,0-15,30-60,1-2,sort-of-agree,sort-of-disagree,not-sure,sort-of-agree,sort-of-agree,mostly-agree,strongly-disagree,5,mostly-agree,mostly-agree,sort-of-disagree,mostly-agree,pop,sort-of-agree,mostly-agree,mostly-agree,not-sure,sort-of-disagree
_vkc22esbd,35-44,Korea,Male,Korean,self-employment,0-15,1-2hrs,10,strongly-agree,strongly-agree,strongly-agree,strongly-agree,strongly-agree,strongly-agree,strongly-agree,8,sort-of-disagree,sort-of-agree,mostly-agree,sort-of-agree,K-pop,sort-of-disagree,sort-of-agree,strongly-agree,strongly-agree,sort-of-agree
_w3jmue00l,25-34,Canada,Male,Canadian,university,0-15,30-60,10,mostly-agree,sort-of-disagree,strongly-agree,strongly-agree,mostly-agree,strongly-agree,strongly-agree,10,sort-of-agree,not-sure,mostly-agree,mostly-agree,Experimental Electronic,sort-of-disagree,strongly-agree,not-sure,sort-of-agree,mostly-agree
_w5xx418by,25-34,United Kingdom,female,british,university,30-60,30-60,0-1,strongly-agree,mostly-agree,strongly-agree,sort-of-agree,sort-of-agree,mostly-agree,strongly-agree,7,mostly-agree,mostly-agree,strongly-agree,strongly-agree,folk,strongly-disagree,strongly-agree,strongly-agree,strongly-agree,strongly-agree
_w71uiooho,55-64,United Kingdom,M,Uk,self-employment,0-15,1-2hrs,0-1,mostly-agree,mostly-agree,mostly-agree,mostly-agree,mostly-agree,strongly-disagree,strongly-disagree,8,sort-of-disagree,not-sure,sort-of-agree,sort-of-agree,Punk,mostly-agree,mostly-agree,mostly-agree,mostly-agree,mostly-agree
_wln2pvrai,25-34,France,female,british,part-time-employment,1-2hrs,4+ hrs,0-1,mostly-agree,mostly-agree,sort-of-agree,sort-of-disagree,sort-of-agree,strongly-disagree,strongly-disagree,10,sort-of-agree,sort-of-agree,strongly-agree,mostly-agree,Indie Folk,strongly-disagree,strongly-agree,mostly-agree,strongly-agree,mostly-agree
_xmjx7myn8,25-34,United Kingdom,Male,British,full-time-employment,15-30,1-2hrs,6-10,sort-of-agree,sort-of-agree,sort-of-disagree,sort-of-disagree,sort-of-agree,sort-of-disagree,strongly-disagree,8,sort-of-disagree,not-sure,sort-of-disagree,sort-of-disagree,Drum and Bass,strongly-disagree,strongly-agree,sort-of-agree,mostly-agree,strongly-agree
_xxrru22vl,55-64,England,Male,British,full-time-employment,0-15,15-30,0-1,sort-of-agree,strongly-agree,sort-of-agree,not-sure,sort-of-agree,strongly-disagree,sort-of-disagree,7,mostly-agree,strongly-disagree,mostly-agree,sort-of-agree,Rock,strongly-disagree,mostly-agree,sort-of-disagree,sort-of-agree,sort-of-agree
_y2vhjrnid,18-24,UK,Female,UK,university,15-30,30-60,6-10,sort-of-agree,sort-of-disagree,sort-of-agree,sort-of-agree,sort-of-agree,mostly-agree,mostly-agree,8,sort-of-agree,sort-of-agree,not-sure,not-sure,Pop,strongly-disagree,mostly-agree,mostly-agree,mostly-agree,mostly-agree
_yl2fxbnro,25-34,Italy,male,Italian,university,1-2hrs,4+ hrs,0-1,strongly-agree,mostly-agree,strongly-agree,strongly-agree,strongly-agree,mostly-agree,sort-of-agree,10,sort-of-agree,strongly-agree,sort-of-agree,mostly-agree,indie rock/pop,strongly-disagree,strongly-agree,mostly-agree,strongly-agree,strongly-agree
_z1rzh278d,55-64,Germany,male,German,self-employment,30-60,30-60,10,mostly-agree,mostly-agree,strongly-agree,strongly-agree,strongly-agree,strongly-agree,sort-of-disagree,9,not-sure,mostly-agree,mostly-agree,strongly-agree,classical,not-sure,mostly-agree,mostly-agree,sort-of-disagree,strongly-agree
_z3elirom8,25-34,England,Male,English,self-employment,4+ hrs,30-60,10,mostly-agree,strongly-disagree,strongly-agree,strongly-agree,strongly-agree,strongly-agree,strongly-agree,10,strongly-agree,mostly-agree,mostly-agree,strongly-agree,Neoromantic Film/game Scores,strongly-disagree,strongly-agree,strongly-agree,strongly-agree,strongly-agree
_z3s0aiaib,65,"Japan, United States",Male,American,retired,30-60,2-4 hrs,10,strongly-agree,strongly-disagree,strongly-agree,mostly-agree,strongly-agree,mostly-agree,mostly-agree,10,mostly-agree,mostly-agree,strongly-agree,strongly-agree,Classical,strongly-disagree,strongly-agree,strongly-agree,mostly-agree,strongly-agree
_za13pvot1,35-44,UK,male,British,part-time-employment,0-15,1-2hrs,0-1,sort-of-disagree,mostly-agree,mostly-agree,most-agree,mostly-agree,strongly-disagree,strongly-disagree,5,not-sure,not-sure,mostly-agree,mostly-agree,pop,sort-of-agree,not-sure,sort-of-disagree,sort-of-agree,not-sure
_zkj0ijgbp,45-54,England,Female,British,part-time-employment,0-15,1-2hrs,0-1,strongly-agree,mostly-agree,mostly-agree,strongly-agree,mostly-agree,sort-of-disagree,strongly-disagree,9,sort-of-agree,sort-of-agree,not-sure,sort-of-agree,Indie/guitar,strongly-disagree,strongly-agree,strongly-agree,mostly-agree,strongly-agree
_zzp8bmewa,18-24,Portugal,Female,Portuguese,university,15-30,30-60,10,strongly-agree,strongly-disagree,strongly-agree,strongly-agree,strongly-agree,mostly-agree,mostly-agree,10,sort-of-agree,mostly-agree,mostly-agree,strongly-agree,Classical Music,strongly-agree,strongly-agree,mostly-agree,strongly-agree,strongly-agree